ContextTokens,GeneratedTokens,TIMESTAMP
39287,566
249213,314
57549,493
33493,904
32210,841
77056,274
77472,696
71443,499
30489,759
29897,567
20964,902
33453,386
10162,549
29209,690
241947,600
58796,559
21161,475
27090,773
40072,660
42211,366
124248,481
49511,362
30489,759
6098,641
46942,443
27971,584
57041,263
96864,685
25286,522
23183,797
69340,830
30652,865
96864,685
8403,991
19063,816
71353,493
71443,499
36739,952
76813,823
31891,756
26636,889
28551,996
28182,970
139123,686
104972,304
91124,388
26908,729
22721,649
120028,613
29661,953
121205,982
40568,866
60474,513
71241,322
37308,756
18035,889
69930,482
131116,300
65517,754
195794,231
36950,658
29661,953
21161,475
51937,830
76813,823
96864,685
36926,392
22813,1062
33697,647
15220,806
25766,947
25977,694
84148,575
72553,496
25310,328
59529,274
38703,939
30529,767
37756,717
196067,280
15220,806
23489,595
76813,823
26553,953
25776,661
46942,443
51279,607
12847,434
44089,923
10162,549
53963,826
220118,448
72553,496
103557,580
22750,418
37056,509
82953,470
31623,805
99978,540
52490,787
91124,388
177527,290
139123,686
77472,696
9219,364
124248,481
191688,708
39184,843
27765,833
101224,772
18968,448
228855,682
37308,756
58796,559
23723,940
212950,977
39067,543
39837,763
43454,435
29325,953
35874,798
77859,353
23183,797
33453,386
52352,276
22236,651
31385,1006
30844,734
25267,704
66228,326
101010,271
13749,441
121205,982
257785,237
38266,876
26908,729
72553,496
30652,865
249213,314
40568,866
63083,632
29924,751
36926,392
113790,228
39184,843
89130,533
138277,345
28266,682
170663,274
14905,578
31736,714
38703,939
59529,274
49511,362
22813,1062
44040,517
27915,615
191688,708
33249,867
11499,588
32698,474
51279,607
29615,851
23504,909
28230,233
4608,472
115378,631
68052,335
21701,806
68052,335
37056,509
29661,953
42633,646
123056,286
131116,300
21250,540
22721,649
71559,1051
36334,890
26361,782
91251,328
139123,686
21802,1142
125446,848
69340,830
22750,418
191688,708
32464,639
29809,951
228855,682
150946,842
28486,417
29922,756
20590,910
4274,505
9219,364
77056,274
22236,651
260666,341
16908,709
57041,263
24418,692
44089,923
57041,263
46942,443
25286,522
25310,328
19416,313
21701,806
44089,923
27515,1091
10162,549
24183,839
25310,328
28163,886
16991,723
96864,685
71933,857
19063,816
191688,708
23168,777
123474,734
46331,451
36023,668
196067,280
36023,668
28101,1013
63957,794
241947,600
29701,730
56853,500
30458,713
69340,830
61245,460
25984,709
34178,1015
29701,730
49225,451
11642,349
260666,341
29325,953
100571,759
26964,855
63957,794
26908,729
27971,584
77472,696
31240,812
178493,243
96864,685
90503,231
100571,759
37970,661
130037,335
21712,288
29701,730
32774,685
191688,708
136274,375
241947,600
27055,968
40803,745
17880,757
71933,857
23206,488
31623,805
220118,448
21701,806
91251,328
120028,613
113790,228
25342,811
139123,686
36926,392
104756,278
69340,830
25776,661
123056,286
30492,731
63957,794
31736,714
58796,559
21701,806
23882,747
40970,791
28925,410
82953,470
12847,434
301578,999
18968,448
30442,637
24207,799
33249,867
29924,751
12847,434
28266,682
29661,953
99032,542
131116,300
25267,704
27515,1091
25697,686
11642,349
60201,433
123474,734
32210,841
23882,747
25267,704
27006,474
71241,322
27731,929
6098,641
18968,448
29060,863
126565,947
53963,826
39044,707
14765,506
82953,470
16991,723
139123,686
52490,787
69760,792
232540,265
32213,775
53963,826
74218,406
37107,549
32213,775
97665,964
30402,857
51937,830
87801,305
124884,1128
31623,805
27090,773
77859,353
23168,777
53333,392
131116,300
196067,280
30123,901
104756,278
29924,751
28486,417
56325,669
31723,431
22209,751
101010,271
16807,259
24418,692
232540,265
19404,919
28339,811
74595,1039
38266,876
34521,604
22813,1062
8403,991
17186,764
108767,232
28182,970
22750,418
168856,285
14765,506
39184,843
27090,773
29615,851
13749,441
32774,685
36739,952
60474,513
39105,905
104972,304
41580,236
24868,634
69760,792
308550,492
27915,615
165526,358
21712,288
108397,561
124248,481
37107,549
38703,939
37970,661
37729,911
30489,759
33564,970
30123,901
32768,765
121205,982
37729,911
101224,772
4296,449
99083,708
115378,631
33697,647
27006,474
162667,1114
84148,575
100571,759
71443,499
30458,713
192163,987
77859,353
30492,731
27055,968
15220,806
30282,455
17963,273
57549,493
138277,345
30028,553
61245,460
9219,364
22813,1062
23183,797
34521,604
30844,734
25231,849
29971,540
16396,719
32464,639
91124,388
53333,392
31882,857
195794,231
16396,719
32723,729
69930,482
39381,697
67633,333
96864,685
131116,300
20096,998
36262,784
212950,977
228855,682
74595,1039
30028,553
4516,475
38266,876
308550,492
138277,345
32768,765
139123,686
25231,849
29325,953
52352,276
63083,632
32749,487
82953,470
26397,526
125446,848
16896,814
8368,629
31385,1006
46331,451
63957,794
404641,328
104972,304
26397,526
11499,588
92908,310
124884,1128
32301,838
4608,472
56853,500
25310,328
24183,839
82953,470
27071,730
93588,681
28266,682
115378,631
28101,1013
30757,587
220118,448
29718,750
24418,692
4296,449
26964,855
6098,641
76813,823
40378,723
32241,787
93588,681
17880,757
80971,251
11499,588
31882,857
76590,289
84148,575
56853,500
23882,747
125446,848
35358,534
28964,690
165526,358
165526,358
31623,805
16896,814
35923,789
30529,767
42633,646
31370,672
25182,1148
27169,849
241947,600
25697,686
38673,861
77056,274
49511,362
204194,1030
57549,493
65517,754
32210,841
36334,890
22209,751
74218,406
129251,1040
99791,254
46331,451
32509,856
33813,988
39067,543
228855,682
196067,280
204194,1030
25286,522
34521,604
29448,979
58796,559
43785,597
29922,756
28964,690
301578,999
34587,333
100571,759
4274,505
129251,1040
23168,777
28964,690
33249,867
192163,987
25267,704
33852,819
130037,335
27090,773
108397,561
80971,251
28763,1115
23183,797
35923,789
96607,286
39044,707
9219,364
96864,685
24827,719
71933,857
16991,723
33493,904
27458,758
25412,908
104756,278
25697,686
17186,764
27169,849
24723,782
191688,708
27731,929
23723,940
67262,284
16743,857
33813,988
35874,798
31623,805
22236,651
99791,254
28101,1013
30028,553
40970,791
28964,690
42662,815
28925,410
17477,469
6098,641
88039,559
18968,448
23504,909
46331,451
76813,823
30442,637
25286,522
36262,784
232540,265
25342,811
28408,878
124884,1128
30489,759
40072,660
46942,443
29615,851
58796,559
17186,764
26397,526
77859,353
4516,475
88039,559
71353,493
17880,757
91251,328
25984,709
4296,449
39287,566
42211,366
27680,783
20964,902
29060,863
42211,366
22932,1047
101224,772
30075,318
23489,595
98200,852
301578,999
39044,707
82119,358
67633,333
22750,418
36926,392
30757,587
71353,493
125446,848
96864,685
33453,386
31576,789
27731,929
29971,540
23504,909
38703,939
32774,685
53333,392
77056,274
131116,300
27006,474
29209,690
9219,364
49511,362
16908,709
35874,798
16991,723
22721,649
35923,789
38266,876
30402,857
58796,559
28964,690
38856,751
30123,901
168751,730
22813,1062
15220,806
38673,861
71241,322
23882,747
57549,493
29809,951
46331,451
44040,517
52490,787
49511,362
37970,661
20964,902
99640,997
71443,499
93588,681
4772,401
4274,505
29060,863
99083,708
53162,322
21250,540
101224,772
25766,947
131116,300
27090,773
30652,865
13074,824
6098,641
30638,984
170663,274
63083,632
37308,756
91124,388
35874,798
26397,526
43785,597
24827,719
26553,953
124884,1128
32235,463
28964,690
26397,526
20964,902
3661,301
35358,534
32210,841
29897,567
20096,998
96607,286
196067,280
28964,690
123474,734
77859,353
71353,493
4516,475
39067,543
51279,607
98200,852
29615,851
22750,418
25977,694
26438,846
30652,865
20096,998
25267,704
39105,905
25776,661
37107,549
25182,1148
26964,855
42633,646
99640,997
71241,322
68039,258
24418,692
68052,335
36334,890
30638,984
27971,584
14230,874
36739,952
40568,866
16396,719
17880,757
196067,280
17056,655
32768,765
30123,901
35923,789
121205,982
33249,867
28551,996
29448,979
21712,288
24183,839
36262,784
36926,392
26553,953
17056,655
13749,441
16743,857
60201,433
69930,482
53963,826
60201,433
26908,729
99032,542
26964,855
13078,805
71933,857
39105,905
57041,263
67757,569
52352,276
31370,672
51937,830
32509,856
29718,750
195794,231
37308,756
138277,345
31723,431
13074,824
125446,848
4296,449
33493,904
65517,754
34178,1015
121205,982
35821,926
28182,970
30638,984
71443,499
257785,237
35514,738
104756,278
66228,326
111753,831
27458,758
30652,865
178493,243
32774,685
31576,789
30442,637
38266,876
103557,580
220118,448
85245,311
87801,305
18035,889
30604,965
35874,798
37729,911
30402,857
82119,358
42633,646
9219,364
38482,718
34587,333
42662,815
234484,855
24827,719
27603,771
96607,286
130037,335
31736,714
57041,263
101224,772
31882,857
32241,787
49225,451
29701,730
17477,469
22750,418
139123,686
27731,929
29924,751
68052,335
40378,723
121205,982
37970,661
8403,991
113790,228
39931,727
28389,835
29971,540
39539,766
10162,549
16743,857
36950,658
31370,672
36926,392
25310,328
21161,475
139123,686
20964,902
49511,362
22209,751
38266,876
56325,669
77056,274
37729,911
139123,686
56806,456
39287,566
49225,451
40803,745
115378,631
32241,787
36950,658
27458,758
27071,730
66228,326
31882,857
11642,349
17186,764
89130,533
191688,708
39067,543
28486,417
29661,953
97665,964
31368,933
4772,401
13749,441
42211,366
39837,763
19416,313
46331,451
36860,841
16908,709
3661,301
46331,451
28182,970
43785,597
29971,540
29922,756
165526,358
31240,812
98200,852
27765,833
26397,526
25267,704
39837,763
29971,540
53162,322
28101,1013
24868,634
6341,360
19404,919
27915,615
24183,839
61245,460
128023,561
36950,658
228855,682
26361,782
25231,849
36926,392
28620,862
82953,470
31576,789
35358,534
8368,629
11642,349
28163,886
11499,588
40970,791
23489,595
17963,273
34178,1015
84182,315
29922,756
37308,756
99978,540
165526,358
32774,685
68039,258
72553,496
26361,782
69760,792
36950,658
28486,417
71933,857
4274,505
4516,475
16991,723
29924,751
38673,861
21712,288
13074,824
121205,982
28101,1013
36739,952
45530,426
28230,233
23489,595
38482,718
30492,731
99978,540
35821,926
212950,977
17186,764
42662,815
32235,463
36023,668
196067,280
129251,1040
21712,288
37430,773
33813,988
26964,855
28266,682
30075,318
25310,328
4772,401
99791,254
30652,865
28266,682
72553,496
113790,228
31370,672
232540,265
23882,747
30638,984
37729,911
40760,762
124884,1128
71933,857
28551,996
30028,553
121205,982
56325,669
42170,407
129251,1040
6341,360
63957,794
16991,723
40197,737
33813,988
21161,475
61245,460
104972,304
33852,819
19416,313
30844,734
31385,1006
35874,798
128023,561
25231,849
22813,1062
24207,799
30028,553
51937,830
27458,758
51937,830
67757,569
32213,775
136274,375
177527,290
39931,727
30492,731
87801,305
29971,540
45530,426
260666,341
39381,697
29661,953
67633,333
37756,717
76813,823
33852,819
29615,851
191688,708
33564,970
131116,300
25697,686
76590,289
52352,276
39837,763
63083,632
60474,513
51937,830
130037,335
40803,745
232540,265
4516,475
65517,754
51279,607
12847,434
40568,866
26636,889
44040,517
56853,500
37430,773
196067,280
22209,751
17963,273
40072,660
153275,353
30529,767
43785,597
29661,953
71241,322
68052,335
87832,431
177527,290
21161,475
23489,595
404641,328
91124,388
404641,328
37107,549
28964,690
76590,289
80971,251
29924,751
87801,305
165526,358
32749,487
232540,265
69340,830
100571,759
129251,1040
31723,431
49511,362
31385,1006
32235,463
34521,604
27055,968
30844,734
40197,737
74595,1039
35514,738
29718,750
29718,750
16908,709
160259,656
33493,904
16807,259
23882,747
301578,999
87832,431
76590,289
45530,426
36262,784
58796,559
63957,794
13749,441
30075,318
29701,730
27006,474
115378,631
165526,358
5111,525
39287,566
69760,792
39837,763
29718,750
30757,587
57041,263
43785,597
32464,639
23168,777
28182,970
33697,647
33249,867
89130,533
17186,764
91251,328
38856,751
23206,488
46331,451
260666,341
38266,876
66228,326
37970,661
56806,456
234484,855
39381,697
34587,333
33697,647
39837,763
27680,783
13074,824
139123,686
26908,729
27071,730
57041,263
30123,901
308550,492
30844,734
25766,947
29325,953
21161,475
36023,668
57549,493
124248,481
67633,333
16396,719
22236,651
28964,690
31723,431
28101,1013
8368,629
77472,696
65517,754
25231,849
31882,857
85245,311
8368,629
29701,730
32768,765
124884,1128
30075,318
88039,559
36926,392
25766,947
191688,708
6098,641
30492,731
38703,939
29701,730
30638,984
28101,1013
20096,998
10162,549
25766,947
13078,805
130037,335
28763,1115
27055,968
37308,756
51937,830
30821,312
56325,669
26636,889
49225,451
39381,697
39105,905
63957,794
4274,505
36926,392
36739,952
4772,401
16908,709
60474,513
68039,258
196067,280
22721,649
29060,863
4853,348
28182,970
24418,692
17477,469
13078,805
21161,475
32768,765
22209,751
113790,228
96864,685
37430,773
71559,1051
40197,737
46331,451
40378,723
29325,953
42211,366
69760,792
136274,375
26636,889
16991,723
35358,534
136274,375
40378,723
139123,686
30604,965
4296,449
33453,386
67757,569
38266,876
22236,651
36334,890
27971,584
37308,756
26832,783
29325,953
20590,910
27090,773
16396,719
104972,304
24827,719
40072,660
32213,775
10162,549
28925,410
111753,831
220118,448
108397,561
34521,604
30638,984
130037,335
87801,305
27731,929
35358,534
37729,911
103557,580
22721,649
33493,904
26361,782
51279,607
30844,734
33249,867
40568,866
22813,1062
27090,773
56853,500
29701,730
28182,970
21712,288
19063,816
56853,500
20590,910
44089,923
99791,254
260666,341
36926,392
39381,697
42662,815
31891,756
29809,951
108397,561
29060,863
404641,328
44040,517
35874,798
35923,789
27515,1091
57041,263
42633,646
27765,833
31368,933
31891,756
150946,842
69760,792
25776,661
49225,451
124248,481
124248,481
24183,839
4274,505
18968,448
30458,713
69340,830
32774,685
23882,747
29809,951
36262,784
68039,258
28266,682
31623,805
30492,731
32235,463
77056,274
34521,604
53333,392
25776,661
30821,312
38266,876
71241,322
234484,855
101224,772
124248,481
25776,661
42211,366
72553,496
32768,765
153275,353
17186,764
115378,631
30652,865
36262,784
25286,522
98200,852
177527,290
220118,448
131116,300
56806,456
29209,690
36739,952
33249,867
19063,816
42170,407
6098,641
40197,737
30652,865
29924,751
30123,901
29809,951
23882,747
42633,646
30604,965
8403,991
14905,578
301578,999
27731,929
17186,764
130037,335
69340,830
123056,286
36860,841
99791,254
17186,764
19063,816
26832,783
38266,876
28551,996
27606,984
249213,314
31370,672
123056,286
21802,1142
115378,631
65517,754
46942,443
52490,787
34178,1015
16807,259
14765,506
93588,681
22750,418
23723,940
404641,328
36950,658
67633,333
60201,433
16807,259
87832,431
56853,500
43785,597
71559,1051
76813,823
21250,540
46331,451
89130,533
30458,713
74218,406
39381,697
99083,708
26397,526
23504,909
40072,660
25412,908
82953,470
101224,772
17880,757
28408,878
39539,766
38266,876
17880,757
16908,709
51279,607
100754,268
91124,388
37308,756
28620,862
26397,526
170663,274
32698,474
26397,526
228855,682
126565,947
25412,908
18035,889
38673,861
260666,341
32698,474
24868,634
168751,730
37970,661
16896,814
38266,876
33249,867
212950,977
69930,482
53333,392
36262,784
204194,1030
27055,968
97665,964
204194,1030
38856,751
32301,838
40378,723
38703,939
37970,661
30282,455
39067,543
90503,231
27971,584
35358,534
53963,826
67262,284
27458,758
131116,300
66228,326
57041,263
31723,431
33493,904
12847,434
36262,784
28266,682
87801,305
27606,984
23489,595
20590,910
25231,849
12847,434
30123,901
76590,289
37970,661
35514,738
28266,682
31385,1006
90503,231
40072,660
96607,286
84182,315
6341,360
36334,890
89130,533
59529,274
28925,410
20964,902
19404,919
168856,285
42633,646
27090,773
100754,268
27006,474
9219,364
31240,812
27458,758
126565,947
126565,947
29924,751
4608,472
150946,842
18968,448
27471,348
39931,727
260666,341
30604,965
27169,849
103557,580
24183,839
241947,600
27471,348
104756,278
31576,789
67262,284
24868,634
27731,929
56806,456
53333,392
38673,861
28840,610
71559,1051
42633,646
38673,861
42170,407
67633,333
4296,449
21802,1142
241947,600
69340,830
212950,977
34587,333
14230,874
37308,756
115378,631
153275,353
19063,816
30652,865
123056,286
26964,855
234484,855
23723,940
30492,731
25412,908
29718,750
71443,499
38703,939
191688,708
21802,1142
25231,849
71353,493
69760,792
42170,407
30492,731
27915,615
153275,353
91251,328
28486,417
18968,448
61245,460
4608,472
27055,968
28763,1115
104756,278
27971,584
25697,686
37756,717
16991,723
38673,861
66228,326
69930,482
30821,312
27458,758
31864,846
68039,258
30844,734
24207,799
21802,1142
28408,878
27915,615
32464,639
59529,274
100571,759
30604,965
23206,488
25766,947
25267,704
25182,1148
22721,649
104756,278
22932,1047
23183,797
17186,764
27971,584
26832,783
27606,984
28486,417
36739,952
16396,719
96607,286
53333,392
42211,366
40197,737
30604,965
52490,787
24207,799
38703,939
25697,686
31385,1006
27731,929
44040,517
77056,274
4516,475
24723,782
29701,730
27169,849
37430,773
23723,940
25231,849
82119,358
36023,668
23723,940
66228,326
27971,584
41580,236
29661,953
23504,909
25776,661
19063,816
37729,911
21802,1142
69340,830
249213,314
20964,902
16991,723
93588,681
4274,505
43454,435
16991,723
124248,481
32213,775
22236,651
192163,987
99978,540
26908,729
136274,375
28163,886
99640,997
177527,290
39539,766
101224,772
11499,588
30458,713
68052,335
42662,815
84182,315
32698,474
126565,947
37308,756
27515,1091
67757,569
24418,692
28266,682
28182,970
25342,811
29971,540
104972,304
27471,348
150946,842
31576,789
136274,375
162667,1114
27515,1091
28551,996
68052,335
19404,919
30028,553
23168,777
104972,304
46331,451
32698,474
23882,747
22209,751
111753,831
98200,852
28339,811
22236,651
32213,775
25231,849
40568,866
28816,878
104972,304
32464,639
99083,708
53963,826
38673,861
25182,1148
39381,697
35923,789
31576,789
25231,849
26964,855
76590,289
162667,1114
43454,435
30028,553
17186,764
27071,730
30821,312
26397,526
228855,682
27458,758
27471,348
260666,341
84182,315
128023,561
87832,431
123474,734
92908,310
72553,496
22932,1047
29448,979
23882,747
34587,333
153275,353
40568,866
6341,360
80971,251
29661,953
67633,333
29718,750
17056,655
22209,751
29448,979
40803,745
130037,335
36262,784
40760,762
34587,333
30458,713
63083,632
33493,904
12847,434
28389,835
17880,757
4608,472
26832,783
22813,1062
37056,509
177527,290
160259,656
33564,970
97665,964
27515,1091
27055,968
33697,647
37308,756
33813,988
10162,549
30492,731
96607,286
25766,947
150946,842
130037,335
25412,908
23723,940
101010,271
30821,312
39381,697
82953,470
20096,998
100571,759
27765,833
42211,366
99032,542
99978,540
29922,756
27471,348
38482,718
308550,492
39044,707
40760,762
19063,816
104756,278
85245,311
32464,639
4274,505
125446,848
25267,704
20590,910
100754,268
28763,1115
28620,862
24723,782
53162,322
103557,580
39539,766
232540,265
29924,751
40378,723
37308,756
212950,977
28182,970
22209,751
32464,639
23723,940
71241,322
39067,543
30402,857
31864,846
30123,901
125446,848
71559,1051
29897,567
103557,580
82119,358
19416,313
111753,831
67757,569
30402,857
39931,727
87801,305
22721,649
33852,819
24418,692
96607,286
28964,690
29922,756
28551,996
71559,1051
98200,852
71559,1051
31368,933
14905,578
34178,1015
27071,730
29922,756
35874,798
20964,902
77859,353
27915,615
35358,534
234484,855
32749,487
29922,756
31370,672
29661,953
13749,441
32301,838
33493,904
22721,649
68039,258
27606,984
24207,799
168751,730
30492,731
30529,767
71353,493
99083,708
4516,475
28389,835
192163,987
139123,686
22750,418
40970,791
29209,690
87832,431
39539,766
18035,889
32235,463
31240,812
82119,358
31736,714
29060,863
74218,406
49225,451
29924,751
27458,758
42662,815
52352,276
28964,690
14765,506
22813,1062
177527,290
29809,951
24723,782
28551,996
29060,863
69760,792
40197,737
28163,886
170663,274
24723,782
99640,997
25984,709
4274,505
72553,496
96607,286
45530,426
56806,456
31891,756
32774,685
39539,766
33813,988
28408,878
9219,364
23183,797
67633,333
29809,951
63957,794
23183,797
99978,540
28163,886
25984,709
99978,540
115378,631
87832,431
32723,729
39837,763
28840,610
27090,773
160259,656
68052,335
29060,863
30458,713
301578,999
123474,734
108767,232
128023,561
29971,540
59529,274
16807,259
34521,604
56853,500
28339,811
68039,258
35514,738
11642,349
33697,647
65517,754
228855,682
32774,685
32509,856
37308,756
20964,902
37056,509
27471,348
27090,773
96607,286
20096,998
38482,718
71559,1051
74595,1039
27680,783
150946,842
260666,341
33697,647
177527,290
49511,362
212950,977
220118,448
89130,533
57041,263
40197,737
27006,474
30075,318
25776,661
35923,789
92908,310
32213,775
37729,911
25182,1148
40197,737
67633,333
24723,782
71241,322
28840,610
232540,265
4772,401
28266,682
212950,977
30638,984
232540,265
35923,789
136274,375
30123,901
30028,553
29325,953
42662,815
115378,631
30489,759
35923,789
139123,686
71241,322
25267,704
23206,488
30529,767
34587,333
204194,1030
99640,997
10162,549
29325,953
26964,855
23504,909
165526,358
31864,846
28408,878
67262,284
17963,273
14765,506
61245,460
46331,451
36023,668
27603,771
23723,940
29922,756
17477,469
40072,660
30442,637
42170,407
82953,470
40378,723
91124,388
168856,285
60474,513
39184,843
71933,857
39287,566
32210,841
20096,998
31736,714
77056,274
31736,714
36950,658
17477,469
29615,851
21250,540
111753,831
53162,322
33493,904
36950,658
56325,669
76813,823
35514,738
18968,448
25776,661
39539,766
99083,708
30402,857
29661,953
32749,487
165526,358
38856,751
111753,831
59529,274
28816,878
26553,953
17186,764
23723,940
29325,953
36860,841
99640,997
32774,685
28389,835
39287,566
30604,965
51937,830
17963,273
24183,839
36023,668
52352,276
23723,940
41580,236
29924,751
28101,1013
36334,890
30442,637
32464,639
76590,289
82119,358
104756,278
49225,451
28620,862
23882,747
25231,849
40970,791
28408,878
43785,597
33564,970
52490,787
128023,561
99032,542
192163,987
25231,849
37107,549
31736,714
34521,604
27169,849
104756,278
36926,392
39067,543
28339,811
67757,569
22813,1062
17186,764
69930,482
28230,233
24183,839
126565,947
91124,388
38856,751
99032,542
13074,824
71353,493
29718,750
71241,322
43785,597
17880,757
97665,964
27603,771
29897,567
220118,448
31891,756
178493,243
77472,696
25182,1148
35358,534
9219,364
25286,522
14905,578
27765,833
25697,686
40760,762
39287,566
29060,863
93588,681
257785,237
308550,492
26636,889
22813,1062
28925,410
38482,718
28964,690
17056,655
80971,251
17880,757
24207,799
38673,861
38482,718
21802,1142
30821,312
46942,443
58796,559
28339,811
30442,637
35874,798
77859,353
150946,842
42662,815
29971,540
58796,559
9219,364
125446,848
28163,886
36860,841
25412,908
28230,233
28925,410
21802,1142
28816,878
67262,284
20964,902
192163,987
160259,656
8368,629
4853,348
29615,851
22813,1062
16896,814
28763,1115
34178,1015
36926,392
23168,777
42662,815
18035,889
21701,806
90503,231
115378,631
16908,709
52490,787
404641,328
113790,228
58796,559
74218,406
25776,661
69340,830
21250,540
22236,651
49225,451
131116,300
36023,668
10162,549
24418,692
39931,727
138277,345
30075,318
6098,641
44040,517
30844,734
27971,584
120028,613
42170,407
29661,953
23168,777
53162,322
38482,718
138277,345
28840,610
4296,449
16396,719
113790,228
32723,729
80971,251
90503,231
69340,830
76813,823
44089,923
9219,364
23489,595
32749,487
30492,731
39105,905
84182,315
28230,233
10162,549
14905,578
136274,375
68052,335
4853,348
27515,1091
51937,830
5111,525
40760,762
21802,1142
196067,280
104972,304
220118,448
27458,758
25697,686
40197,737
12847,434
77472,696
27090,773
36950,658
25697,686
24723,782
6341,360
27055,968
93588,681
124248,481
46942,443
17963,273
93588,681
39105,905
77859,353
43785,597
108397,561
128023,561
43454,435
28551,996
30844,734
24723,782
42662,815
28101,1013
25267,704
232540,265
42170,407
178493,243
28182,970
68052,335
234484,855
93588,681
37430,773
90503,231
21701,806
17963,273
24827,719
28339,811
88039,559
40072,660
404641,328
14765,506
45530,426
29661,953
96607,286
25766,947
36739,952
26964,855
32774,685
3661,301
42170,407
27006,474
74218,406
84182,315
13078,805
111753,831
84148,575
24868,634
31723,431
32768,765
45530,426
63957,794
38482,718
111753,831
99640,997
14765,506
40072,660
16991,723
6341,360
31370,672
76813,823
25984,709
26636,889
192163,987
30489,759
26636,889
87832,431
25984,709
29701,730
32768,765
6341,360
14765,506
25766,947
29809,951
99791,254
65517,754
46942,443
37430,773
136274,375
28163,886
28408,878
29718,750
35874,798
32301,838
24183,839
44089,923
76813,823
32210,841
99978,540
71353,493
38856,751
38703,939
30638,984
23489,595
168751,730
36262,784
168751,730
82119,358
37308,756
30402,857
23882,747
36739,952
32213,775
40197,737
26553,953
128023,561
6341,360
111753,831
29209,690
308550,492
14230,874
31240,812
69340,830
25231,849
36023,668
39931,727
24868,634
57549,493
30844,734
113790,228
4853,348
131116,300
33453,386
53963,826
8368,629
5111,525
30402,857
37970,661
41580,236
29325,953
31576,789
195794,231
99032,542
29209,690
57041,263
27090,773
24868,634
25984,709
97665,964
129251,1040
99640,997
26832,783
196067,280
68039,258
113790,228
139123,686
39105,905
4853,348
25286,522
16807,259
33249,867
37308,756
23723,940
72553,496
29615,851
177527,290
16807,259
68039,258
17880,757
53162,322
71353,493
74595,1039
11642,349
29971,540
36926,392
39837,763
30604,965
91124,388
43454,435
35514,738
87801,305
60201,433
31891,756
38673,861
39184,843
37056,509
27603,771
30282,455
28339,811
32768,765
49511,362
24207,799
99032,542
111753,831
28816,878
44089,923
31370,672
4274,505
53162,322
28230,233
67262,284
168856,285
99791,254
69340,830
27006,474
125446,848
30402,857
51279,607
76813,823
136274,375
43454,435
28816,878
63957,794
84182,315
39105,905
19416,313
4516,475
24723,782
41580,236
36262,784
38703,939
99083,708
100571,759
74595,1039
13078,805
35358,534
28840,610
91251,328
31370,672
29615,851
101224,772
123056,286
43454,435
40760,762
39184,843
23882,747
16908,709
30402,857
170663,274
96607,286
63083,632
27765,833
130037,335
31370,672
16991,723
30075,318
32723,729
23489,595
40197,737
168856,285
90503,231
60474,513
96607,286
26553,953
80971,251
24183,839
56325,669
39837,763
28964,690
29448,979
29924,751
87832,431
23206,488
30402,857
22813,1062
74218,406
42170,407
24827,719
162667,1114
61245,460
27606,984
101010,271
25231,849
37729,911
33249,867
108767,232
60201,433
31370,672
28408,878
29448,979
32509,856
40970,791
32241,787
26553,953
91251,328
26964,855
120028,613
30123,901
99978,540
192163,987
28551,996
37308,756
27006,474
20964,902
150946,842
123056,286
100754,268
42211,366
301578,999
58796,559
8368,629
6098,641
25231,849
30529,767
31723,431
24418,692
17056,655
28163,886
31736,714
40072,660
71933,857
27471,348
15220,806
136274,375
92908,310
30075,318
28840,610
234484,855
32210,841
25776,661
30282,455
52352,276
29971,540
84182,315
13078,805
36739,952
27765,833
35821,926
24183,839
24207,799
99083,708
18968,448
21250,540
32698,474
45530,426
27071,730
162667,1114
25231,849
32698,474
28339,811
25412,908
63957,794
25977,694
21712,288
33852,819
192163,987
29615,851
32509,856
36860,841
153275,353
30489,759
89130,533
18968,448
35514,738
30492,731
16396,719
212950,977
24207,799
191688,708
32774,685
27515,1091
26361,782
31240,812
19063,816
77056,274
19416,313
96864,685
38856,751
68039,258
32774,685
13074,824
104972,304
30282,455
96864,685
65517,754
92908,310
232540,265
28840,610
27915,615
29060,863
52352,276
25286,522
89130,533
17477,469
25776,661
88039,559
124884,1128
37308,756
96607,286
18968,448
20590,910
37756,717
76590,289
39044,707
27606,984
168856,285
63957,794
21712,288
31864,846
28339,811
67262,284
27603,771
9219,364
101010,271
10162,549
22932,1047
13078,805
23723,940
22750,418
16896,814
99640,997
25342,811
126565,947
153275,353
22721,649
36023,668
27071,730
37308,756
29060,863
21802,1142
31736,714
115378,631
29701,730
20964,902
128023,561
27515,1091
35874,798
113790,228
35923,789
45530,426
40803,745
33453,386
191688,708
27603,771
220118,448
56853,500
91251,328
46942,443
40803,745
128023,561
28101,1013
61245,460
97665,964
51279,607
31736,714
131116,300
67262,284
80971,251
37056,509
35923,789
53162,322
51937,830
68052,335
28389,835
28620,862
30638,984
23183,797
37430,773
30821,312
53162,322
53963,826
4772,401
36950,658
25342,811
4274,505
15220,806
84182,315
85245,311
27090,773
28840,610
32301,838
98200,852
24418,692
89130,533
27603,771
51937,830
29718,750
23882,747
39837,763
30652,865
33813,988
31240,812
13074,824
36334,890
4608,472
16743,857
71933,857
34587,333
170663,274
58796,559
228855,682
37430,773
22813,1062
32749,487
5111,525
38703,939
37756,717
39381,697
39381,697
14765,506
71353,493
100571,759
124248,481
32768,765
67262,284
45530,426
22721,649
24183,839
25412,908
162667,1114
22750,418
92908,310
28266,682
191688,708
30489,759
232540,265
68052,335
39539,766
32464,639
18968,448
191688,708
24418,692
91124,388
63083,632
32749,487
84148,575
17186,764
14230,874
52490,787
138277,345
36262,784
40760,762
17880,757
24207,799
23206,488
24723,782
32213,775
99083,708
34178,1015
29615,851
27071,730
67633,333
30028,553
30282,455
22932,1047
35358,534
17056,655
32723,729
108767,232
35358,534
35514,738
35358,534
32464,639
42170,407
91251,328
39381,697
19063,816
30604,965
56325,669
301578,999
71559,1051
249213,314
23882,747
45530,426
39044,707
82119,358
39539,766
28551,996
29922,756
249213,314
16396,719
84182,315
32509,856
16743,857
31385,1006
30652,865
40568,866
28551,996
13749,441
25776,661
100754,268
257785,237
32698,474
30604,965
204194,1030
17477,469
71241,322
99083,708
21701,806
42662,815
29971,540
33697,647
19416,313
40378,723
8403,991
100754,268
195794,231
28840,610
19404,919
32235,463
99640,997
29971,540
16991,723
301578,999
58796,559
37308,756
53162,322
234484,855
23183,797
28266,682
67262,284
32723,729
17880,757
25977,694
21701,806
257785,237
29448,979
40970,791
51279,607
35923,789
260666,341
228855,682
27731,929
28964,690
25766,947
4274,505
26438,846
29897,567
39105,905
124884,1128
91251,328
20096,998
160259,656
16743,857
36860,841
228855,682
28816,878
53963,826
36739,952
36739,952
89130,533
67633,333
13078,805
49511,362
136274,375
30123,901
17056,655
165526,358
29701,730
77056,274
30442,637
19063,816
22209,751
113790,228
36262,784
34521,604
71443,499
77472,696
125446,848
36262,784
32698,474
39381,697
10162,549
36950,658
32774,685
228855,682
26397,526
35923,789
21712,288
98200,852
15220,806
29701,730
44089,923
12847,434
69760,792
27169,849
82119,358
28266,682
39184,843
24723,782
8403,991
32235,463
32509,856
31882,857
32301,838
30638,984
12847,434
40378,723
43785,597
69340,830
23206,488
115378,631
29897,567
29922,756
71353,493
30458,713
228855,682
37729,911
91124,388
17056,655
29718,750
99083,708
27169,849
27515,1091
8403,991
21701,806
60201,433
35874,798
77859,353
36739,952
99032,542
32749,487
25310,328
404641,328
32509,856
23206,488
31736,714
40072,660
32768,765
82119,358
22750,418
97665,964
39287,566
33852,819
3661,301
27090,773
85245,311
35358,534
4772,401
96864,685
22932,1047
27606,984
37430,773
25310,328
241947,600
29924,751
32241,787
33249,867
38673,861
29615,851
31368,933
138277,345
41580,236
99640,997
24418,692
29701,730
128023,561
26361,782
108767,232
31576,789
30757,587
16896,814
36334,890
168856,285
32210,841
28389,835
25977,694
6098,641
16396,719
196067,280
22932,1047
39067,543
31370,672
136274,375
39381,697
76813,823
249213,314
30489,759
136274,375
23723,940
28230,233
3661,301
177527,290
22932,1047
25342,811
44089,923
31370,672
25766,947
31385,1006
18968,448
9219,364
33493,904
90503,231
12847,434
76590,289
22209,751
67757,569
27471,348
26553,953
45530,426
178493,243
26553,953
61245,460
120028,613
16908,709
76813,823
26636,889
46942,443
192163,987
60474,513
31623,805
67757,569
191688,708
99791,254
30757,587
42170,407
27071,730
37729,911
28486,417
136274,375
92908,310
69760,792
40378,723
111753,831
57041,263
104972,304
46942,443
21250,540
21701,806
27471,348
17880,757
38482,718
170663,274
17880,757
30123,901
40568,866
28551,996
43785,597
56853,500
80971,251
31882,857
14905,578
19063,816
22932,1047
115378,631
36334,890
28840,610
19404,919
28101,1013
121205,982
11642,349
29209,690
80971,251
43785,597
139123,686
77472,696
38703,939
3661,301
42633,646
27915,615
36262,784
204194,1030
123474,734
32213,775
28339,811
85245,311
38856,751
96607,286
30652,865
28101,1013
43454,435
27515,1091
44040,517
28840,610
4853,348
29209,690
23723,940
31240,812
126565,947
22236,651
53333,392
31368,933
27515,1091
74595,1039
74218,406
25977,694
27915,615
99791,254
26361,782
76813,823
33453,386
45530,426
32301,838
28964,690
25310,328
36950,658
160259,656
28339,811
82119,358
17477,469
36860,841
234484,855
36860,841
33852,819
39381,697
27458,758
33813,988
32235,463
28816,878
26438,846
30489,759
77472,696
53162,322
28486,417
178493,243
195794,231
196067,280
15220,806
39539,766
11499,588
63083,632
27471,348
68039,258
33697,647
65517,754
33697,647
44089,923
33852,819
30028,553
53162,322
138277,345
29448,979
23206,488
32698,474
72553,496
39287,566
29325,953
19063,816
17963,273
170663,274
9219,364
28339,811
27915,615
192163,987
56806,456
168751,730
33493,904
36950,658
103557,580
24207,799
108397,561
99640,997
27680,783
35514,738
40760,762
30652,865
27090,773
57549,493
32723,729
97665,964
34587,333
71933,857
28408,878
44089,923
67757,569
26832,783
28389,835
92908,310
32213,775
195794,231
11499,588
31623,805
26361,782
28551,996
103557,580
165526,358
51279,607
67262,284
29661,953
28486,417
28486,417
30075,318
65517,754
30757,587
153275,353
22721,649
99083,708
99032,542
30028,553
51279,607
22932,1047
26908,729
49511,362
29809,951
35874,798
38703,939
53333,392
120028,613
8368,629
19063,816
67633,333
65517,754
32698,474
43454,435
11499,588
34521,604
56325,669
27006,474
36926,392
31736,714
28230,233
39044,707
30652,865
16396,719
41580,236
41580,236
53162,322
100754,268
28389,835
212950,977
56853,500
22750,418
32749,487
103557,580
16991,723
33564,970
38266,876
52352,276
104972,304
33697,647
11642,349
32774,685
36860,841
8403,991
178493,243
27458,758
30638,984
131116,300
26964,855
29615,851
28101,1013
42170,407
40760,762
27515,1091
6341,360
66228,326
74218,406
5111,525
160259,656
108767,232
41580,236
129251,1040
40760,762
27731,929
46942,443
43785,597
37308,756
34521,604
82953,470
44040,517
37970,661
4853,348
115378,631
168856,285
46942,443
56853,500
29325,953
37056,509
125446,848
29615,851
42170,407
28925,410
40568,866
33697,647
89130,533
43785,597
19063,816
89130,533
52490,787
25310,328
27071,730
23723,940
20964,902
99083,708
27071,730
68039,258
27090,773
160259,656
37308,756
31723,431
56806,456
27603,771
29971,540
13074,824
36334,890
4772,401
24183,839
28486,417
121205,982
71443,499
26438,846
31723,431
404641,328
19416,313
30489,759
32301,838
24827,719
35358,534
42211,366
28840,610
52490,787
60201,433
28266,682
69930,482
12847,434
25182,1148
60474,513
35923,789
31736,714
33564,970
39184,843
25286,522
23206,488
29924,751
103557,580
69930,482
56853,500
6098,641
104756,278
22750,418
98200,852
32213,775
30652,865
29897,567
18035,889
28163,886
31385,1006
33564,970
16807,259
40568,866
5111,525
25286,522
26361,782
34521,604
23504,909
87832,431
27680,783
49511,362
59529,274
177527,290
82953,470
162667,1114
13749,441
28163,886
17477,469
22750,418
36262,784
45530,426
40760,762
6341,360
3661,301
91124,388
24418,692
37970,661
30489,759
99083,708
26361,782
128023,561
38856,751
71443,499
11642,349
25412,908
3661,301
15220,806
32509,856
40568,866
33852,819
22813,1062
28408,878
20964,902
30652,865
6341,360
5111,525
30492,731
53333,392
58796,559
33697,647
56325,669
90503,231
30402,857
30402,857
104972,304
27090,773
123056,286
195794,231
17056,655
31882,857
4516,475
30492,731
126565,947
25766,947
67633,333
25766,947
37756,717
49225,451
25286,522
30458,713
123474,734
36926,392
25286,522
27731,929
28389,835
40378,723
308550,492
26438,846
25342,811
61245,460
37308,756
71559,1051
22932,1047
40760,762
39287,566
45530,426
25342,811
20590,910
30821,312
21701,806
31385,1006
136274,375
40803,745
11642,349
165526,358
30075,318
97665,964
10162,549
69760,792
25977,694
36950,658
92908,310
25231,849
28163,886
24827,719
91124,388
23882,747
4516,475
28266,682
101224,772
85245,311
129251,1040
22209,751
30402,857
4296,449
27471,348
30402,857
76590,289
71353,493
37308,756
27090,773
38266,876
25766,947
404641,328
11499,588
16908,709
101224,772
124248,481
4274,505
56325,669
27055,968
21250,540
26964,855
124884,1128
28620,862
101224,772
14230,874
39105,905
220118,448
162667,1114
63083,632
67633,333
84148,575
28230,233
27915,615
35923,789
17477,469
56325,669
23183,797
40197,737
17963,273
28763,1115
104756,278
99032,542
63083,632
13749,441
71353,493
42211,366
30638,984
249213,314
220118,448
26438,846
111753,831
32464,639
5111,525
21161,475
56806,456
130037,335
33453,386
8403,991
96607,286
104972,304
123056,286
195794,231
41580,236
178493,243
51937,830
37430,773
108767,232
32235,463
35874,798
30123,901
29809,951
4274,505
16743,857
178493,243
74595,1039
9219,364
67757,569
27471,348
29701,730
33697,647
99978,540
24827,719
25984,709
4274,505
18035,889
99978,540
4853,348
257785,237
8368,629
26553,953
92908,310
33852,819
6098,641
23489,595
14905,578
20964,902
11499,588
76813,823
25984,709
24207,799
124884,1128
32698,474
30442,637
30492,731
32774,685
124884,1128
139123,686
38482,718
84148,575
32210,841
29209,690
20964,902
25977,694
77472,696
20590,910
18035,889
8368,629
30638,984
39044,707
4853,348
53333,392
99032,542
121205,982
27458,758
99083,708
52352,276
56325,669
23489,595
27515,1091
24723,782
32768,765
32301,838
25182,1148
29718,750
31370,672
124884,1128
13078,805
30028,553
25267,704
38482,718
37430,773
69760,792
80971,251
25776,661
32301,838
53333,392
42662,815
30821,312
15220,806
23183,797
234484,855
30075,318
8368,629
25182,1148
71443,499
111753,831
27603,771
31385,1006
35821,926
34178,1015
25412,908
30604,965
66228,326
21802,1142
123474,734
29924,751
14765,506
49225,451
3661,301
138277,345
28486,417
19404,919
37756,717
71933,857
16743,857
160259,656
29060,863
65517,754
74595,1039
14905,578
168856,285
18968,448
17963,273
40970,791
53162,322
93588,681
23504,909
67757,569
28408,878
15220,806
21250,540
40760,762
25977,694
27971,584
85245,311
40760,762
38856,751
57549,493
130037,335
37729,911
29060,863
39931,727
31240,812
136274,375
16896,814
234484,855
39287,566
44040,517
30442,637
22721,649
43454,435
66228,326
32774,685
220118,448
27458,758
165526,358
49225,451
87832,431
29209,690
99791,254
77859,353
249213,314
108397,561
30489,759
17963,273
32464,639
99032,542
168856,285
53963,826
35358,534
99083,708
39539,766
35821,926
71559,1051
32698,474
25231,849
257785,237
10162,549
29701,730
35358,534
16396,719
17880,757
103557,580
32768,765
99791,254
34587,333
36023,668
28925,410
123474,734
16743,857
57549,493
22932,1047
129251,1040
13078,805
26361,782
40072,660
32301,838
56853,500
77859,353
32768,765
30652,865
31623,805
27458,758
32235,463
25182,1148
241947,600
21250,540
32768,765
16396,719
87801,305
14230,874
60474,513
36860,841
115378,631
27071,730
35358,534
123474,734
100571,759
4853,348
39105,905
111753,831
29209,690
104972,304
77472,696
101224,772
31368,933
84148,575
32768,765
6341,360
39381,697
39184,843
82119,358
53963,826
220118,448
35923,789
35514,738
37107,549
26964,855
26832,783
162667,1114
23489,595
28389,835
20964,902
25342,811
99640,997
100754,268
91124,388
13749,441
57041,263
32509,856
28339,811
30442,637
13074,824
66228,326
14905,578
29325,953
31368,933
129251,1040
88039,559
77472,696
4516,475
125446,848
101224,772
139123,686
138277,345
33813,988
35821,926
8368,629
39287,566
301578,999
27071,730
21712,288
60201,433
23168,777
71241,322
28101,1013
52490,787
30123,901
4516,475
30844,734
29325,953
36950,658
101010,271
17963,273
30282,455
29897,567
57041,263
38482,718
52352,276
33453,386
128023,561
29448,979
92908,310
52352,276
26361,782
22813,1062
36262,784
53333,392
25182,1148
31370,672
108767,232
20590,910
108767,232
241947,600
17880,757
32210,841
99978,540
40197,737
63083,632
32210,841
24827,719
65517,754
4516,475
8368,629
93588,681
29325,953
37107,549
128023,561
16991,723
27971,584
29615,851
99791,254
51937,830
67757,569
103557,580
30529,767
27606,984
28620,862
220118,448
27915,615
29209,690
257785,237
18035,889
40568,866
6098,641
28182,970
27471,348
34178,1015
39184,843
98200,852
33564,970
191688,708
36262,784
30028,553
25984,709
35821,926
32774,685
168751,730
85245,311
27915,615
131116,300
38703,939
33697,647
26832,783
52490,787
37756,717
196067,280
51279,607
29924,751
29897,567
87832,431
108767,232
32749,487
17056,655
27680,783
138277,345
108397,561
24868,634
40568,866
29897,567
63957,794
26908,729
26908,729
40760,762
204194,1030
22236,651
25267,704
4608,472
11499,588
36262,784
76590,289
32509,856
31385,1006
31370,672
89130,533
39837,763
56325,669
23183,797
17056,655
249213,314
24723,782
20964,902
32774,685
99791,254
25310,328
26361,782
123474,734
126565,947
38482,718
40378,723
23183,797
125446,848
33852,819
40970,791
25977,694
27169,849
27606,984
97665,964
168751,730
77056,274
25286,522
23168,777
30442,637
22721,649
32749,487
5111,525
43785,597
21250,540
17880,757
34178,1015
37308,756
11499,588
57549,493
27458,758
29971,540
26908,729
84148,575
32698,474
17477,469
23206,488
63957,794
27603,771
17186,764
84182,315
32774,685
68052,335
27680,783
92908,310
51279,607
125446,848
28551,996
28230,233
27731,929
35514,738
25231,849
22209,751
136274,375
204194,1030
37107,549
21802,1142
69760,792
121205,982
25231,849
30529,767
42633,646
123056,286
29661,953
33697,647
42662,815
33493,904
69340,830
168751,730
31736,714
26832,783
29971,540
17880,757
136274,375
56325,669
32213,775
22932,1047
31723,431
13078,805
25412,908
42211,366
21802,1142
11642,349
27458,758
241947,600
14765,506
22209,751
96864,685
89130,533
63083,632
26553,953
23168,777
27090,773
35514,738
90503,231
38482,718
43454,435
71241,322
25267,704
104756,278
33493,904
32210,841
37970,661
42211,366
30402,857
113790,228
77859,353
74595,1039
31368,933
30028,553
23206,488
232540,265
68052,335
51937,830
43454,435
13074,824
129251,1040
42633,646
101010,271
32235,463
99083,708
27055,968
21701,806
37056,509
27606,984
49511,362
25697,686
196067,280
24183,839
27603,771
65517,754
6341,360
17186,764
69930,482
27090,773
99032,542
26964,855
178493,243
77859,353
36023,668
32723,729
69760,792
46942,443
21161,475
69760,792
28230,233
68039,258
108767,232
29209,690
37970,661
40072,660
53162,322
24868,634
43454,435
26361,782
24868,634
100754,268
26553,953
77859,353
120028,613
37056,509
38266,876
39105,905
99791,254
69930,482
308550,492
84148,575
69074,616
168856,285
27055,968
25182,1148
38482,718
16991,723
80971,251
27006,474
32301,838
162667,1114
14230,874
13749,441
104756,278
26438,846
32768,765
260666,341
38673,861
87801,305
49225,451
120028,613
36334,890
29897,567
23206,488
121205,982
31891,756
191688,708
57041,263
22750,418
121205,982
69074,616
77859,353
39287,566
77859,353
87801,305
31736,714
21712,288
23183,797
4608,472
5111,525
129251,1040
32509,856
57041,263
49511,362
39105,905
15220,806
24827,719
69340,830
44089,923
18035,889
53333,392
29809,951
124884,1128
28840,610
69074,616
12847,434
17477,469
32768,765
87801,305
31370,672
129251,1040
35821,926
76813,823
61245,460
23489,595
67757,569
17880,757
177527,290
72553,496
27680,783
4853,348
23168,777
17963,273
21802,1142
99640,997
76590,289
31882,857
27055,968
23504,909
29897,567
23723,940
28816,878
74218,406
115378,631
40197,737
30652,865
32749,487
32464,639
28182,970
49511,362
91251,328
27458,758
67757,569
57549,493
150946,842
27055,968
27680,783
21712,288
37107,549
168751,730
35874,798
74595,1039
30442,637
32210,841
53162,322
168856,285
301578,999
38266,876
27515,1091
111753,831
25766,947
32241,787
23183,797
28339,811
11642,349
17477,469
31723,431
35358,534
28763,1115
241947,600
26832,783
85245,311
36860,841
25766,947
4772,401
76813,823
26438,846
84182,315
40197,737
26438,846
40760,762
10162,549
8403,991
25977,694
31576,789
28816,878
27515,1091
308550,492
25267,704
136274,375
39931,727
31891,756
32768,765
36860,841
22721,649
136274,375
27971,584
42662,815
40760,762
129251,1040
51937,830
40760,762
178493,243
16743,857
31576,789
128023,561
33852,819
28925,410
30652,865
136274,375
60201,433
27471,348
196067,280
228855,682
16396,719
28620,862
27055,968
191688,708
40970,791
40378,723
100754,268
27731,929
71559,1051
212950,977
28551,996
6098,641
56806,456
36860,841
69930,482
39381,697
27731,929
191688,708
34521,604
249213,314
35358,534
28230,233
260666,341
19404,919
28339,811
30757,587
14765,506
38856,751
228855,682
30652,865
41580,236
27055,968
103557,580
30844,734
29897,567
93588,681
130037,335
28230,233
99978,540
31882,857
40760,762
30638,984
25977,694
6341,360
18968,448
22750,418
25267,704
40378,723
39067,543
22721,649
29325,953
21161,475
67262,284
28408,878
39044,707
29809,951
49511,362
35821,926
32213,775
41580,236
38856,751
33453,386
84182,315
108767,232
35514,738
35923,789
31882,857
56806,456
37729,911
85245,311
56325,669
38703,939
10162,549
29060,863
23723,940
26397,526
15220,806
40760,762
31864,846
35514,738
40197,737
30757,587
37729,911
241947,600
87801,305
31368,933
60201,433
4516,475
165526,358
29922,756
36334,890
23183,797
4772,401
27606,984
36860,841
13074,824
40760,762
100571,759
27458,758
71559,1051
84148,575
28816,878
52352,276
126565,947
192163,987
35821,926
30458,713
88039,559
241947,600
100754,268
4608,472
17963,273
56325,669
42662,815
72553,496
24723,782
16991,723
27169,849
138277,345
40970,791
66228,326
42633,646
59529,274
31864,846
39837,763
204194,1030
29971,540
25697,686
22236,651
31385,1006
23882,747
21712,288
20096,998
90503,231
123056,286
28182,970
30757,587
31385,1006
30638,984
30282,455
249213,314
150946,842
30492,731
84148,575
91251,328
14905,578
69760,792
35821,926
204194,1030
16743,857
19416,313
25697,686
23489,595
26397,526
35821,926
39539,766
38673,861
33564,970
40197,737
29701,730
29971,540
101010,271
120028,613
26964,855
69340,830
27090,773
4853,348
42211,366
60474,513
131116,300
51937,830
100754,268
29448,979
104756,278
26832,783
74218,406
39287,566
97665,964
39837,763
27006,474
196067,280
77859,353
52352,276
28620,862
66228,326
33852,819
27603,771
113790,228
234484,855
46331,451
19404,919
121205,982
56325,669
29661,953
39287,566
104972,304
103557,580
90503,231
13078,805
33852,819
31368,933
22813,1062
19063,816
160259,656
26964,855
25766,947
23504,909
72553,496
29922,756
33697,647
128023,561
25286,522
27915,615
24827,719
31891,756
16807,259
38703,939
113790,228
82953,470
30821,312
27071,730
27680,783
34587,333
33813,988
8403,991
103557,580
24827,719
26964,855
13749,441
40568,866
33249,867
22932,1047
20964,902
32723,729
97665,964
37430,773
195794,231
121205,982
125446,848
121205,982
308550,492
26908,729
60474,513
121205,982
27515,1091
150946,842
32210,841
138277,345
120028,613
22932,1047
25766,947
37107,549
56853,500
28230,233
71241,322
103557,580
170663,274
30821,312
28101,1013
40568,866
125446,848
42633,646
165526,358
178493,243
120028,613
51279,607
88039,559
20590,910
6341,360
4296,449
72553,496
25342,811
57549,493
28486,417
57549,493
30028,553
120028,613
6098,641
37107,549
57549,493
28551,996
21701,806
31385,1006
16396,719
31864,846
28925,410
80971,251
22721,649
18035,889
26397,526
37970,661
99978,540
37056,509
68039,258
42662,815
28763,1115
32235,463
36860,841
24183,839
88039,559
28389,835
61245,460
28339,811
108397,561
33249,867
33453,386
85245,311
84148,575
30604,965
76813,823
26636,889
21712,288
44040,517
120028,613
28964,690
30604,965
100571,759
123474,734
27090,773
29615,851
56853,500
24207,799
51937,830
138277,345
39931,727
14765,506
123056,286
29661,953
23504,909
33493,904
31368,933
19404,919
28551,996
32698,474
91251,328
8368,629
11499,588
25286,522
59529,274
104972,304
34178,1015
212950,977
27169,849
9219,364
87801,305
65517,754
38856,751
228855,682
16896,814
32241,787
4296,449
35358,534
8368,629
108397,561
37729,911
88039,559
21161,475
35514,738
301578,999
29897,567
23504,909
37430,773
56853,500
260666,341
8403,991
31623,805
38703,939
43454,435
32723,729
41580,236
38703,939
30028,553
28163,886
42633,646
91251,328
61245,460
22209,751
38673,861
28339,811
65517,754
25182,1148
30821,312
36739,952
30442,637
35923,789
32464,639
21802,1142
30075,318
28163,886
28551,996
16991,723
22750,418
40760,762
23489,595
12847,434
29615,851
18968,448
29209,690
29661,953
32774,685
17477,469
29718,750
27603,771
104756,278
260666,341
220118,448
39837,763
28964,690
21802,1142
138277,345
11642,349
136274,375
168856,285
63083,632
99640,997
30489,759
12847,434
87832,431
46942,443
108397,561
96607,286
68039,258
67633,333
29924,751
25342,811
39381,697
29060,863
308550,492
56853,500
39067,543
28230,233
27169,849
168751,730
39044,707
4608,472
28551,996
53333,392
124884,1128
36926,392
52352,276
46331,451
27071,730
68052,335
100754,268
30028,553
260666,341
6341,360
69930,482
99791,254
42170,407
17056,655
121205,982
25286,522
6341,360
25412,908
31576,789
25697,686
23206,488
22932,1047
212950,977
108397,561
111753,831
60201,433
91251,328
77472,696
57549,493
31576,789
31240,812
39105,905
129251,1040
63957,794
28816,878
38482,718
46331,451
39287,566
16396,719
76590,289
77056,274
25766,947
100571,759
77056,274
101010,271
49225,451
42170,407
46331,451
16807,259
32774,685
30821,312
4853,348
14230,874
160259,656
124884,1128
11499,588
33249,867
101010,271
38673,861
27090,773
24827,719
404641,328
108767,232
20964,902
27971,584
27169,849
195794,231
30529,767
98200,852
125446,848
249213,314
195794,231
40803,745
20096,998
128023,561
37756,717
88039,559
4772,401
99978,540
234484,855
12847,434
301578,999
24183,839
56325,669
11499,588
30529,767
30282,455
24418,692
37430,773
33493,904
308550,492
84182,315
4608,472
165526,358
130037,335
14905,578
25310,328
150946,842
80971,251
4296,449
31882,857
60474,513
241947,600
6098,641
39381,697
34521,604
44089,923
30123,901
123056,286
30604,965
88039,559
32723,729
33852,819
71353,493
40568,866
28925,410
123056,286
91124,388
24183,839
40568,866
31576,789
82119,358
89130,533
77859,353
139123,686
99978,540
39105,905
162667,1114
35821,926
29971,540
30458,713
28620,862
32749,487
27090,773
29897,567
22236,651
32774,685
69930,482
67633,333
93588,681
31723,431
101224,772
31576,789
69930,482
212950,977
66228,326
32749,487
27603,771
30075,318
49511,362
100754,268
204194,1030
234484,855
27515,1091
131116,300
4853,348
93588,681
38856,751
28840,610
33493,904
8403,991
39105,905
53963,826
29325,953
33249,867
111753,831
29809,951
39381,697
27606,984
37756,717
71353,493
27515,1091
92908,310
28620,862
13749,441
26553,953
24723,782
27915,615
16896,814
40072,660
160259,656
68052,335
35821,926
104756,278
24868,634
84148,575
28163,886
72553,496
177527,290
192163,987
37308,756
308550,492
71933,857
40072,660
24207,799
74218,406
31240,812
27169,849
4516,475
51937,830
23168,777
228855,682
160259,656
26361,782
22721,649
74218,406
68039,258
99791,254
71443,499
26553,953
32213,775
71241,322
124884,1128
28763,1115
129251,1040
260666,341
108767,232
30402,857
37308,756
108767,232
25984,709
74595,1039
404641,328
177527,290
16896,814
32723,729
24827,719
27680,783
17477,469
37308,756
39105,905
42211,366
74595,1039
22721,649
71443,499
25776,661
91124,388
228855,682
33852,819
51279,607
56853,500
32698,474
29448,979
26908,729
29701,730
31891,756
32749,487
101010,271
28101,1013
25231,849
28964,690
27090,773
38856,751
20964,902
18968,448
16908,709
19416,313
31240,812
96864,685
23168,777
103557,580
37308,756
61245,460
23882,747
123474,734
91251,328
21161,475
25412,908
23504,909
26908,729
17880,757
25267,704
57549,493
21802,1142
115378,631
29448,979
67262,284
32210,841
28840,610
21802,1142
138277,345
26361,782
23183,797
69074,616
32241,787
36739,952
37756,717
5111,525
31576,789
26636,889
29971,540
30638,984
3661,301
30458,713
29060,863
40378,723
249213,314
18035,889
23489,595
20964,902
21250,540
52490,787
204194,1030
21250,540
34587,333
124248,481
27055,968
108767,232
51279,607
30844,734
124884,1128
27169,849
100754,268
16396,719
92908,310
6341,360
17880,757
38673,861
4274,505
130037,335
23183,797
27680,783
12847,434
220118,448
71559,1051
4772,401
56806,456
257785,237
26438,846
84182,315
38856,751
404641,328
71353,493
196067,280
69340,830
37729,911
30844,734
31891,756
23183,797
30652,865
38703,939
43454,435
22932,1047
3661,301
72553,496
39287,566
82953,470
40197,737
170663,274
82953,470
22209,751
123474,734
29448,979
25776,661
3661,301
13078,805
36860,841
97665,964
30652,865
257785,237
44089,923
23489,595
30442,637
104972,304
25231,849
36262,784
28620,862
123474,734
36023,668
33564,970
76590,289
192163,987
44040,517
14765,506
82119,358
234484,855
53963,826
28816,878
13078,805
150946,842
16807,259
32509,856
25182,1148
30402,857
113790,228
69340,830
115378,631
162667,1114
35821,926
28266,682
27606,984
138277,345
22813,1062
30604,965
37430,773
67262,284
31723,431
104972,304
32241,787
37308,756
26361,782
32301,838
123056,286
91124,388
27055,968
25412,908
72553,496
19416,313
17880,757
32509,856
56325,669
204194,1030
123056,286
34587,333
20964,902
51279,607
39287,566
25286,522
32749,487
96864,685
28266,682
22813,1062
16908,709
113790,228
260666,341
31736,714
82119,358
3661,301
33493,904
99083,708
28182,970
170663,274
88039,559
34587,333
4853,348
42662,815
28182,970
124248,481
27471,348
99978,540
249213,314
30489,759
33697,647
46331,451
12847,434
39837,763
31370,672
42211,366
32698,474
16743,857
42662,815
34587,333
20964,902
37430,773
5111,525
34587,333
21712,288
29701,730
39539,766
26832,783
31385,1006
31864,846
22236,651
24207,799
36926,392
301578,999
30844,734
38673,861
33564,970
30652,865
260666,341
99640,997
234484,855
91251,328
16896,814
25776,661
35821,926
37970,661
17963,273
67757,569
98200,852
24868,634
19063,816
25766,947
113790,228
90503,231
27071,730
249213,314
6341,360
58796,559
69074,616
138277,345
27471,348
27603,771
68052,335
16743,857
28266,682
168856,285
76813,823
196067,280
87832,431
34178,1015
28620,862
31385,1006
31723,431
52490,787
77472,696
120028,613
3661,301
28486,417
36334,890
30123,901
31864,846
25231,849
160259,656
31576,789
53963,826
136274,375
39539,766
25182,1148
25984,709
26832,783
170663,274
14230,874
39105,905
165526,358
17186,764
26553,953
27055,968
20590,910
28964,690
4772,401
212950,977
30821,312
37430,773
30821,312
21161,475
33249,867
404641,328
67757,569
49511,362
98200,852
28840,610
29922,756
60201,433
20964,902
22932,1047
38856,751
80971,251
77056,274
29661,953
28620,862
31370,672
85245,311
74218,406
101010,271
39931,727
23504,909
28101,1013
31864,846
8368,629
19416,313
46331,451
27680,783
8368,629
16908,709
63083,632
26438,846
153275,353
31368,933
25697,686
96607,286
27603,771
71353,493
27915,615
130037,335
39044,707
124248,481
35514,738
228855,682
36950,658
17186,764
129251,1040
28408,878
84182,315
63957,794
98200,852
40568,866
11642,349
4772,401
45530,426
29448,979
249213,314
26438,846
28816,878
43785,597
100754,268
196067,280
68052,335
21802,1142
87832,431
13749,441
131116,300
46942,443
22932,1047
38266,876
56853,500
101010,271
77472,696
170663,274
37970,661
18968,448
29661,953
153275,353
93588,681
63083,632
35514,738
92908,310
45530,426
71353,493
21802,1142
68052,335
99791,254
28551,996
26636,889
59529,274
88039,559
257785,237
92908,310
16908,709
22236,651
76590,289
29718,750
27731,929
27515,1091
53963,826
38856,751
23504,909
76590,289
87801,305
39931,727
24827,719
71559,1051
39837,763
30757,587
28816,878
232540,265
212950,977
130037,335
56806,456
27680,783
29325,953
77056,274
71241,322
25697,686
77859,353
42633,646
28408,878
16896,814
93588,681
20964,902
88039,559
16896,814
31240,812
56853,500
23168,777
22932,1047
26636,889
63083,632
31736,714
29718,750
5111,525
85245,311
63957,794
69930,482
30844,734
34178,1015
16807,259
35923,789
28551,996
31576,789
84148,575
101010,271
31723,431
43454,435
40072,660
32241,787
17056,655
27090,773
38703,939
139123,686
30123,901
21701,806
85245,311
40970,791
103557,580
93588,681
3661,301
38703,939
19063,816
36262,784
22750,418
99032,542
16908,709
150946,842
89130,533
38266,876
24723,782
26964,855
220118,448
40568,866
36860,841
27603,771
30402,857
228855,682
82119,358
28182,970
16896,814
191688,708
56806,456
18035,889
17186,764
14765,506
71559,1051
21712,288
113790,228
68039,258
27971,584
88039,559
90503,231
25342,811
29809,951
84182,315
71443,499
29922,756
192163,987
24723,782
30604,965
25412,908
31623,805
35821,926
4296,449
69760,792
3661,301
26397,526
31370,672
98200,852
17056,655
23723,940
77859,353
71443,499
4853,348
91124,388
20096,998
99640,997
28620,862
99032,542
20096,998
23489,595
99640,997
4296,449
30492,731
36950,658
30123,901
126565,947
32749,487
49225,451
99978,540
108397,561
27731,929
14905,578
34521,604
6098,641
42662,815
168751,730
39105,905
27458,758
42211,366
29661,953
18035,889
28389,835
16896,814
30844,734
27055,968
232540,265
25342,811
68039,258
10162,549
69760,792
36262,784
99032,542
27006,474
4772,401
44040,517
26964,855
32464,639
17056,655
128023,561
26397,526
232540,265
4772,401
29897,567
9219,364
129251,1040
41580,236
4608,472
26438,846
67757,569
29701,730
14230,874
14905,578
404641,328
108397,561
8368,629
30402,857
14230,874
138277,345
60201,433
11499,588
24723,782
74595,1039
23206,488
32464,639
43785,597
32301,838
33852,819
42662,815
26361,782
27458,758
192163,987
5111,525
65517,754
42170,407
20964,902
28840,610
35821,926
82119,358
40378,723
23723,940
160259,656
80971,251
40970,791
195794,231
28816,878
76590,289
101010,271
33453,386
29897,567
31385,1006
31576,789
128023,561
20096,998
33564,970
13749,441
204194,1030
23882,747
90503,231
28486,417
29809,951
3661,301
31882,857
22721,649
16396,719
39067,543
18968,448
99640,997
39067,543
30529,767
44089,923
16743,857
26908,729
30844,734
27090,773
21701,806
25342,811
30489,759
26964,855
249213,314
38266,876
29924,751
20964,902
63083,632
31385,1006
87832,431
37308,756
6341,360
20590,910
101010,271
37308,756
191688,708
30529,767
29615,851
14905,578
28620,862
16991,723
220118,448
30282,455
191688,708
76590,289
30844,734
39837,763
29060,863
100571,759
52490,787
26832,783
68039,258
23168,777
18968,448
38266,876
71443,499
20590,910
30282,455
25412,908
4608,472
40072,660
34587,333
32210,841
59529,274
27680,783
16908,709
82953,470
99032,542
29924,751
53333,392
25182,1148
87832,431
32210,841
26636,889
38856,751
27090,773
53162,322
249213,314
36950,658
67633,333
42211,366
39184,843
45530,426
80971,251
26553,953
40970,791
13749,441
40378,723
32301,838
87832,431
44089,923
28389,835
39044,707
89130,533
29924,751
41580,236
27603,771
33852,819
63957,794
39539,766
32774,685
15220,806
26361,782
71559,1051
99791,254
33493,904
46331,451
38482,718
28339,811
92908,310
66228,326
98200,852
101224,772
100571,759
22750,418
170663,274
84148,575
42662,815
30442,637
17880,757
126565,947
27090,773
42662,815
104756,278
111753,831
30442,637
38266,876
301578,999
4608,472
38482,718
96864,685
25984,709
126565,947
29701,730
74218,406
25182,1148
27055,968
31723,431
28620,862
33249,867
60474,513
26908,729
26438,846
26832,783
31723,431
16896,814
39067,543
22721,649
108767,232
85245,311
32723,729
18035,889
301578,999
27731,929
29209,690
34521,604
162667,1114
40072,660
82953,470
234484,855
40803,745
71559,1051
153275,353
153275,353
20096,998
26908,729
31882,857
100754,268
37107,549
4853,348
60474,513
130037,335
51937,830
36950,658
29718,750
3661,301
66228,326
56806,456
25776,661
37056,509
27606,984
27765,833
77056,274
165526,358
26964,855
28551,996
69340,830
74218,406
22932,1047
168751,730
22750,418
40072,660
28816,878
33564,970
27006,474
27731,929
28763,1115
14905,578
8403,991
29924,751
36334,890
28339,811
49511,362
101224,772
71241,322
98200,852
39044,707
234484,855
37056,509
91124,388
31736,714
257785,237
28925,410
24207,799
23206,488
32749,487
170663,274
56853,500
49511,362
32774,685
45530,426
120028,613
27055,968
33493,904
162667,1114
71933,857
51279,607
99978,540
99083,708
27169,849
69760,792
4772,401
165526,358
32509,856
30492,731
38266,876
27071,730
56806,456
25776,661
35514,738
103557,580
22813,1062
32749,487
13074,824
14230,874
17880,757
39287,566
29971,540
21161,475
29615,851
30075,318
29615,851
26832,783
40970,791
82953,470
28620,862
195794,231
108767,232
33453,386
37756,717
37056,509
77859,353
232540,265
129251,1040
26553,953
28230,233
104972,304
46942,443
27765,833
20964,902
28266,682
25776,661
34587,333
35874,798
24418,692
11499,588
308550,492
131116,300
100754,268
177527,290
25697,686
72553,496
124248,481
32210,841
29809,951
37729,911
33249,867
36023,668
57041,263
31864,846
41580,236
4608,472
17880,757
241947,600
165526,358
20096,998
29615,851
32301,838
22721,649
97665,964
32509,856
17880,757
249213,314
4608,472
35821,926
22750,418
60201,433
28266,682
33453,386
56806,456
139123,686
32235,463
4853,348
241947,600
60474,513
29060,863
131116,300
37430,773
37308,756
29971,540
32749,487
30075,318
69340,830
241947,600
25977,694
97665,964
37970,661
30844,734
101010,271
257785,237
36739,952
71933,857
56806,456
28339,811
56325,669
36334,890
41580,236
8368,629
26636,889
29971,540
16807,259
9219,364
165526,358
228855,682
84148,575
8403,991
22209,751
99032,542
16743,857
39067,543
28182,970
27006,474
212950,977
39067,543
61245,460
89130,533
35821,926
32213,775
25697,686
39837,763
31891,756
22721,649
168856,285
26908,729
28925,410
191688,708
25977,694
16396,719
35514,738
14230,874
33813,988
16743,857
43454,435
39044,707
19404,919
27055,968
115378,631
30123,901
38703,939
29661,953
16908,709
31882,857
35821,926
28925,410
4296,449
68052,335
120028,613
4608,472
22209,751
23882,747
26908,729
36334,890
38482,718
39381,697
26361,782
16807,259
27169,849
23723,940
49225,451
27471,348
4274,505
41580,236
45530,426
56325,669
59529,274
27971,584
36950,658
20964,902
91124,388
100571,759
65517,754
260666,341
168856,285
29209,690
30282,455
25412,908
3661,301
30604,965
22236,651
87832,431
99791,254
71933,857
40378,723
69074,616
31891,756
37107,549
63957,794
96607,286
33852,819
30402,857
37308,756
27971,584
58796,559
30489,759
26553,953
32210,841
241947,600
27680,783
17963,273
40378,723
36926,392
25697,686
76813,823
4608,472
108397,561
160259,656
99978,540
27765,833
204194,1030
31723,431
29448,979
178493,243
195794,231
28101,1013
31576,789
63957,794
74595,1039
28182,970
98200,852
35358,534
23183,797
24868,634
20964,902
168856,285
27090,773
26361,782
100571,759
39105,905
36334,890
56806,456
18968,448
4853,348
20590,910
104756,278
40568,866
308550,492
46331,451
16908,709
37756,717
28620,862
126565,947
51937,830
123056,286
99640,997
31891,756
301578,999
136274,375
28964,690
32210,841
17963,273
74595,1039
57549,493
178493,243
24183,839
28763,1115
25286,522
19404,919
32210,841
121205,982
25697,686
29209,690
124884,1128
260666,341
96607,286
4516,475
23168,777
21250,540
40970,791
33564,970
108397,561
69074,616
37056,509
28763,1115
301578,999
37308,756
8368,629
139123,686
69930,482
241947,600
29060,863
39184,843
20096,998
25182,1148
17477,469
30604,965
124884,1128
44089,923
31623,805
28101,1013
26636,889
150946,842
22209,751
31576,789
168751,730
32241,787
24207,799
168856,285
43785,597
29924,751
27915,615
99032,542
30458,713
128023,561
27915,615
60201,433
34521,604
29809,951
4296,449
153275,353
25267,704
77056,274
33249,867
90503,231
99791,254
31882,857
27971,584
26438,846
36950,658
21802,1142
22813,1062
67262,284
249213,314
101010,271
14905,578
257785,237
17056,655
26397,526
29809,951
43454,435
115378,631
44089,923
30282,455
25412,908
23206,488
52490,787
19416,313
28408,878
29448,979
4296,449
39381,697
65517,754
32464,639
29325,953
25231,849
26553,953
150946,842
28840,610
196067,280
85245,311
27169,849
30123,901
27680,783
36860,841
22209,751
40803,745
28964,690
13078,805
45530,426
28763,1115
28230,233
220118,448
27090,773
232540,265
24183,839
128023,561
16908,709
74595,1039
29718,750
31240,812
23882,747
33493,904
35514,738
57549,493
53333,392
53333,392
51279,607
69074,616
232540,265
123474,734
37430,773
69340,830
87801,305
28763,1115
168751,730
99083,708
82953,470
27471,348
32464,639
45530,426
111753,831
49511,362
13749,441
63083,632
28101,1013
19416,313
68052,335
40197,737
20096,998
32301,838
25984,709
18035,889
27071,730
30442,637
33564,970
23168,777
19063,816
39931,727
20096,998
88039,559
27603,771
38673,861
6341,360
29971,540
31891,756
39105,905
100754,268
257785,237
89130,533
42633,646
40378,723
46942,443
29718,750
45530,426
32723,729
8368,629
27606,984
35923,789
93588,681
36334,890
24418,692
28408,878
20096,998
87801,305
168856,285
56325,669
100754,268
16896,814
35874,798
234484,855
25697,686
257785,237
20590,910
19404,919
25342,811
40072,660
20964,902
24868,634
53162,322
25310,328
37107,549
24868,634
16896,814
4296,449
25267,704
29209,690
56806,456
33813,988
27765,833
27090,773
21161,475
76590,289
5111,525
18035,889
60474,513
37308,756
34178,1015
33453,386
204194,1030
99978,540
37308,756
32235,463
404641,328
212950,977
160259,656
17963,273
30458,713
29060,863
40568,866
13749,441
44089,923
37107,549
23504,909
39539,766
28486,417
40803,745
63083,632
32301,838
39381,697
30821,312
31368,933
43785,597
30282,455
67262,284
38482,718
32241,787
23723,940
29209,690
71559,1051
28840,610
99791,254
19416,313
168856,285
37970,661
30529,767
30638,984
17963,273
104972,304
191688,708
28840,610
84148,575
30638,984
25776,661
31623,805
8403,991
33249,867
53963,826
21712,288
87832,431
131116,300
53963,826
38673,861
82119,358
27515,1091
69074,616
74218,406
27971,584
27765,833
220118,448
24723,782
36739,952
23183,797
24207,799
27603,771
21250,540
42170,407
4853,348
25267,704
39067,543
30075,318
37970,661
31385,1006
30604,965
21250,540
36739,952
13074,824
23168,777
68039,258
40197,737
24183,839
111753,831
138277,345
14905,578
16991,723
27515,1091
36860,841
25697,686
31385,1006
24183,839
66228,326
32749,487
27090,773
99978,540
16896,814
31891,756
130037,335
30442,637
29809,951
16807,259
28339,811
27458,758
249213,314
93588,681
71443,499
63083,632
28964,690
39287,566
39044,707
15220,806
150946,842
27071,730
52490,787
28816,878
24183,839
60474,513
8403,991
30028,553
23504,909
66228,326
234484,855
195794,231
16908,709
27071,730
35923,789
33852,819
53162,322
139123,686
123474,734
23882,747
46942,443
26397,526
35874,798
17056,655
16743,857
22932,1047
40970,791
204194,1030
39184,843
25310,328
16743,857
234484,855
30844,734
39044,707
32213,775
39837,763
40970,791
32301,838
17477,469
139123,686
234484,855
257785,237
68039,258
195794,231
25342,811
121205,982
31370,672
108767,232
36860,841
14905,578
126565,947
6098,641
32213,775
39105,905
31240,812
99083,708
26964,855
29661,953
220118,448
63957,794
27169,849
52490,787
40803,745
101224,772
27731,929
74218,406
13749,441
28182,970
88039,559
30492,731
30402,857
35358,534
74218,406
30757,587
191688,708
69074,616
27606,984
5111,525
68052,335
220118,448
11642,349
8403,991
32213,775
22236,651
113790,228
39539,766
30123,901
31623,805
80971,251
4608,472
28816,878
11499,588
35874,798
27971,584
39044,707
49225,451
36860,841
31576,789
91251,328
38482,718
26908,729
31240,812
11642,349
39044,707
67262,284
67262,284
11499,588
28925,410
27603,771
53162,322
39287,566
57041,263
162667,1114
77472,696
29448,979
89130,533
32774,685
25267,704
27606,984
228855,682
13074,824
15220,806
191688,708
39044,707
25182,1148
31623,805
18035,889
39044,707
37430,773
39287,566
20590,910
87801,305
24723,782
44089,923
39044,707
82953,470
28840,610
108767,232
104972,304
39067,543
168751,730
28389,835
39287,566
101010,271
25977,694
43785,597
17963,273
23882,747
32301,838
128023,561
11642,349
162667,1114
38266,876
84182,315
37430,773
21802,1142
21161,475
30123,901
85245,311
26964,855
35923,789
27731,929
36739,952
27971,584
17186,764
30638,984
99978,540
22813,1062
34521,604
26636,889
30489,759
11642,349
36023,668
38482,718
29448,979
21802,1142
92908,310
19063,816
26438,846
27731,929
69760,792
36262,784
69760,792
82119,358
72553,496
26832,783
40072,660
136274,375
25977,694
69074,616
98200,852
165526,358
53963,826
28763,1115
33813,988
153275,353
101224,772
67262,284
21161,475
404641,328
30282,455
74218,406
34521,604
35874,798
31736,714
29661,953
60474,513
32768,765
177527,290
33249,867
28620,862
25267,704
10162,549
30492,731
77472,696
52352,276
76590,289
191688,708
23882,747
100571,759
139123,686
31882,857
65517,754
40568,866
24207,799
21701,806
25776,661
26438,846
27680,783
82119,358
29209,690
96607,286
101010,271
91124,388
51279,607
29209,690
25267,704
22750,418
123474,734
3661,301
30492,731
40970,791
52490,787
67757,569
96607,286
29897,567
17056,655
88039,559
23183,797
35923,789
74595,1039
23183,797
301578,999
24723,782
25310,328
22236,651
25977,694
99978,540
4772,401
13749,441
23489,595
99791,254
27731,929
26964,855
56325,669
4516,475
100754,268
22932,1047
29060,863
139123,686
29809,951
26553,953
18035,889
16807,259
26636,889
26438,846
52490,787
191688,708
17477,469
30821,312
52352,276
28840,610
37756,717
69074,616
212950,977
49511,362
30458,713
27971,584
87832,431
60201,433
25231,849
8403,991
30458,713
27606,984
13078,805
21802,1142
77056,274
28408,878
76590,289
32301,838
14765,506
39067,543
108397,561
99032,542
13074,824
84148,575
69074,616
87801,305
56806,456
153275,353
30529,767
14905,578
23723,940
99978,540
87832,431
28182,970
27090,773
53963,826
35358,534
32464,639
27971,584
30489,759
232540,265
29448,979
136274,375
33453,386
25310,328
82119,358
16807,259
32235,463
30402,857
130037,335
192163,987
68039,258
99083,708
177527,290
25182,1148
124248,481
43454,435
37729,911
4516,475
13078,805
36023,668
84182,315
33813,988
43785,597
19063,816
56853,500
30282,455
16807,259
27515,1091
27055,968
27169,849
27071,730
58796,559
49225,451
36739,952
28230,233
92908,310
37970,661
17880,757
139123,686
27680,783
24868,634
91124,388
23489,595
52490,787
39067,543
168856,285
33697,647
37756,717
21802,1142
26553,953
4296,449
25286,522
32698,474
52352,276
82119,358
18968,448
24723,782
28763,1115
228855,682
16743,857
60201,433
98200,852
58796,559
160259,656
25412,908
32235,463
27731,929
139123,686
33697,647
25776,661
36950,658
4853,348
21250,540
18035,889
5111,525
30458,713
16991,723
37107,549
38266,876
29701,730
27680,783
13078,805
120028,613
96607,286
11499,588
33453,386
257785,237
76813,823
27090,773
18968,448
28182,970
30757,587
39067,543
39184,843
16396,719
22813,1062
32241,787
69760,792
28763,1115
92908,310
99032,542
16896,814
31368,933
25697,686
4772,401
51279,607
26832,783
59529,274
196067,280
37756,717
38673,861
115378,631
150946,842
3661,301
23168,777
40072,660
69930,482
92908,310
168751,730
100571,759
76590,289
59529,274
30442,637
131116,300
4516,475
41580,236
8403,991
99791,254
71559,1051
57549,493
71933,857
308550,492
29897,567
26908,729
30757,587
36926,392
33564,970
32749,487
32464,639
69074,616
177527,290
121205,982
99083,708
14230,874
36023,668
35874,798
195794,231
42633,646
28339,811
16743,857
129251,1040
10162,549
16807,259
74595,1039
27971,584
13074,824
42211,366
31891,756
30442,637
16908,709
220118,448
29701,730
60474,513
26553,953
124884,1128
30028,553
37729,911
69074,616
84148,575
28763,1115
68039,258
36262,784
30492,731
32749,487
42170,407
22932,1047
14765,506
301578,999
30282,455
32213,775
40803,745
42170,407
40970,791
31385,1006
63957,794
120028,613
24183,839
56806,456
5111,525
6341,360
14765,506
32464,639
40378,723
40760,762
30821,312
38266,876
87832,431
39287,566
25766,947
23882,747
60474,513
30458,713
38482,718
37308,756
69074,616
32768,765
29922,756
69074,616
30123,901
39837,763
33453,386
65517,754
33813,988
150946,842
52352,276
72553,496
19063,816
46942,443
30638,984
28230,233
33852,819
20096,998
23489,595
33697,647
4516,475
120028,613
27458,758
31864,846
22750,418
99083,708
25310,328
165526,358
17880,757
22813,1062
35514,738
10162,549
4296,449
57549,493
31864,846
77056,274
67633,333
68052,335
39381,697
39931,727
77472,696
15220,806
14230,874
49511,362
87832,431
23168,777
38266,876
29922,756
204194,1030
66228,326
35514,738
8403,991
27090,773
30442,637
123474,734
61245,460
18968,448
33813,988
31368,933
17186,764
14765,506
25776,661
29971,540
165526,358
32301,838
29325,953
27971,584
260666,341
42633,646
30075,318
40378,723
31368,933
30028,553
44040,517
111753,831
26397,526
178493,243
30282,455
25766,947
84148,575
4274,505
67757,569
40760,762
26438,846
69340,830
228855,682
28964,690
57549,493
44089,923
24418,692
108767,232
25412,908
71443,499
14230,874
37729,911
25267,704
25697,686
26908,729
45530,426
26636,889
4853,348
160259,656
56853,500
30638,984
27915,615
125446,848
21250,540
32723,729
32235,463
14905,578
33564,970
37430,773
63957,794
39931,727
28816,878
25267,704
27090,773
192163,987
91251,328
36926,392
28230,233
23168,777
27606,984
29701,730
30492,731
92908,310
249213,314
301578,999
56853,500
28101,1013
31723,431
87801,305
28163,886
76813,823
30529,767
37970,661
36334,890
138277,345
88039,559
28486,417
150946,842
108397,561
125446,848
4296,449
91124,388
76813,823
39539,766
31623,805
67757,569
22209,751
68039,258
192163,987
13074,824
11499,588
39931,727
77472,696
4853,348
39837,763
42211,366
25310,328
25697,686
21701,806
124248,481
88039,559
28551,996
28964,690
8403,991
29661,953
13078,805
31891,756
168856,285
28163,886
29325,953
30075,318
88039,559
85245,311
165526,358
39381,697
19063,816
43454,435
32768,765
31891,756
22209,751
23489,595
84148,575
19404,919
16743,857
37056,509
29448,979
37056,509
66228,326
113790,228
30458,713
80971,251
41580,236
33564,970
71933,857
20964,902
91251,328
29325,953
37756,717
53162,322
162667,1114
23183,797
59529,274
19404,919
27471,348
32301,838
111753,831
162667,1114
38703,939
32213,775
126565,947
28230,233
28266,682
170663,274
20096,998
196067,280
28230,233
22209,751
36860,841
27090,773
31723,431
101010,271
162667,1114
113790,228
37056,509
27071,730
45530,426
89130,533
121205,982
18035,889
53162,322
53963,826
30075,318
177527,290
124248,481
18035,889
37107,549
39539,766
60201,433
43785,597
33813,988
25984,709
37430,773
27055,968
33249,867
28763,1115
28486,417
33813,988
38673,861
51279,607
25267,704
24868,634
25310,328
52490,787
71559,1051
27603,771
162667,1114
35874,798
36023,668
28925,410
38482,718
52490,787
115378,631
39184,843
6098,641
13078,805
31723,431
36262,784
28339,811
74595,1039
30028,553
27055,968
234484,855
13074,824
42633,646
35821,926
32509,856
32749,487
8368,629
28230,233
31882,857
27680,783
177527,290
32213,775
22932,1047
111753,831
28620,862
27169,849
87801,305
30821,312
30489,759
16807,259
31882,857
33249,867
28763,1115
27603,771
125446,848
61245,460
21802,1142
103557,580
39381,697
23489,595
38482,718
37430,773
99083,708
24827,719
13074,824
15220,806
46331,451
21712,288
68052,335
8403,991
28163,886
74218,406
32768,765
42170,407
31864,846
24183,839
23504,909
32301,838
28163,886
22236,651
5111,525
69340,830
53333,392
160259,656
59529,274
45530,426
99032,542
4516,475
24418,692
71933,857
204194,1030
35358,534
25231,849
53333,392
51279,607
27680,783
17963,273
150946,842
32509,856
52352,276
58796,559
4274,505
82119,358
40197,737
23168,777
53963,826
42633,646
108767,232
30028,553
37729,911
29718,750
27071,730
84182,315
19404,919
32235,463
24418,692
100571,759
19063,816
29325,953
101224,772
29809,951
97665,964
30604,965
35923,789
3661,301
28964,690
13074,824
84148,575
72553,496
125446,848
25766,947
30123,901
404641,328
8368,629
39067,543
38482,718
31370,672
31576,789
30652,865
84182,315
82953,470
21701,806
31576,789
17056,655
24723,782
40760,762
71933,857
39539,766
32464,639
220118,448
100571,759
24868,634
39067,543
16896,814
31891,756
30529,767
124884,1128
23168,777
30529,767
37107,549
16396,719
25984,709
28389,835
308550,492
31623,805
29060,863
28964,690
195794,231
27055,968
26438,846
77859,353
16743,857
22236,651
15220,806
91124,388
29701,730
96864,685
25342,811
168751,730
40970,791
49225,451
80971,251
89130,533
100571,759
96607,286
39067,543
123474,734
42633,646
168751,730
121205,982
23206,488
25412,908
30075,318
115378,631
168751,730
113790,228
14230,874
49511,362
27169,849
27606,984
69760,792
42211,366
77859,353
77056,274
31368,933
34178,1015
153275,353
28408,878
22236,651
43454,435
16807,259
89130,533
30492,731
162667,1114
13074,824
37729,911
162667,1114
100571,759
23206,488
23183,797
29209,690
14905,578
20096,998
29448,979
27055,968
16896,814
31882,857
6098,641
26964,855
33249,867
56806,456
65517,754
30402,857
40378,723
65517,754
22236,651
29809,951
28964,690
121205,982
24868,634
33813,988
72553,496
131116,300
31723,431
28763,1115
100754,268
40803,745
27731,929
22236,651
27006,474
14230,874
26438,846
29809,951
24207,799
36334,890
25766,947
136274,375
103557,580
69074,616
104972,304
249213,314
28840,610
27071,730
39287,566
33493,904
29701,730
91124,388
27915,615
27071,730
27680,783
29060,863
24868,634
28182,970
34178,1015
30492,731
27915,615
42211,366
29718,750
40970,791
27090,773
20964,902
16807,259
21712,288
14230,874
88039,559
35358,534
22236,651
76590,289
25697,686
25977,694
85245,311
15220,806
23183,797
31623,805
37107,549
40803,745
29701,730
27515,1091
25231,849
43785,597
22209,751
53162,322
46942,443
11499,588
40568,866
30282,455
37756,717
52352,276
32241,787
13749,441
26636,889
27680,783
28339,811
20096,998
11499,588
31370,672
100754,268
27458,758
33249,867
58796,559
28339,811
39837,763
11642,349
40970,791
29922,756
17056,655
13074,824
97665,964
19416,313
32723,729
20964,902
128023,561
212950,977
23504,909
56325,669
74218,406
45530,426
29922,756
104972,304
36926,392
33697,647
31891,756
26832,783
39539,766
87801,305
196067,280
36023,668
42211,366
36950,658
100754,268
32213,775
31723,431
63083,632
30757,587
29325,953
26908,729
43454,435
33564,970
20590,910
32509,856
108767,232
36860,841
42170,407
49225,451
101224,772
40197,737
32241,787
191688,708
23489,595
31240,812
3661,301
162667,1114
28230,233
6098,641
25182,1148
59529,274
30489,759
42633,646
57041,263
37107,549
33453,386
68052,335
30489,759
15220,806
40803,745
101010,271
82119,358
44040,517
37308,756
30652,865
72553,496
21701,806
52352,276
178493,243
30821,312
63083,632
74595,1039
96607,286
28840,610
71241,322
26832,783
28408,878
129251,1040
32235,463
28182,970
40760,762
99083,708
44040,517
13749,441
52490,787
28408,878
123056,286
32210,841
35514,738
58796,559
136274,375
19416,313
4516,475
25977,694
36950,658
37756,717
34178,1015
178493,243
93588,681
130037,335
25182,1148
30529,767
32768,765
32698,474
29209,690
30529,767
177527,290
30075,318
100571,759
20964,902
93588,681
38703,939
37729,911
22750,418
80971,251
32464,639
153275,353
32768,765
33564,970
126565,947
42662,815
37756,717
36739,952
30757,587
31864,846
22813,1062
28925,410
32241,787
32698,474
27090,773
31240,812
33249,867
35874,798
104756,278
28840,610
84148,575
4274,505
28486,417
9219,364
113790,228
32235,463
31623,805
30282,455
30442,637
37729,911
25310,328
19404,919
17186,764
11642,349
92908,310
17056,655
24207,799
36334,890
125446,848
23206,488
178493,243
30844,734
19404,919
49225,451
104972,304
168856,285
29615,851
30458,713
31385,1006
23882,747
42170,407
67633,333
56853,500
25267,704
29448,979
130037,335
25766,947
36860,841
77472,696
29809,951
27169,849
31882,857
139123,686
32723,729
80971,251
39837,763
14905,578
38673,861
17477,469
29615,851
100571,759
91251,328
96607,286
69930,482
31623,805
43454,435
31240,812
30757,587
100754,268
4772,401
17186,764
115378,631
27006,474
22750,418
260666,341
13074,824
19063,816
11642,349
25310,328
32241,787
17056,655
56325,669
28840,610
24827,719
165526,358
25766,947
42211,366
38856,751
31368,933
104972,304
27603,771
4772,401
32464,639
71559,1051
51279,607
46942,443
31623,805
24207,799
77056,274
13078,805
27765,833
170663,274
301578,999
25977,694
31576,789
66228,326
4516,475
123474,734
24207,799
24827,719
49225,451
19404,919
16896,814
104756,278
98200,852
29060,863
37756,717
308550,492
4274,505
24207,799
29325,953
33564,970
32698,474
61245,460
26438,846
37308,756
56325,669
241947,600
30844,734
37056,509
27603,771
31723,431
128023,561
124248,481
21802,1142
11642,349
39184,843
16807,259
56806,456
136274,375
35358,534
5111,525
4516,475
44089,923
100571,759
57041,263
234484,855
4853,348
34178,1015
21250,540
26553,953
3661,301
67633,333
27971,584
17186,764
17477,469
74595,1039
12847,434
16908,709
19404,919
69760,792
99032,542
34178,1015
28816,878
33453,386
21802,1142
27765,833
31368,933
68039,258
28925,410
28925,410
32235,463
29325,953
30844,734
34178,1015
59529,274
60474,513
76590,289
96607,286
19404,919
21712,288
30844,734
16396,719
22721,649
17477,469
53162,322
23168,777
89130,533
60201,433
40378,723
404641,328
27071,730
27458,758
32213,775
69074,616
31370,672
71443,499
33453,386
120028,613
100754,268
17963,273
20096,998
27915,615
84182,315
108397,561
192163,987
44040,517
44040,517
44089,923
177527,290
17880,757
25286,522
31368,933
25984,709
5111,525
178493,243
9219,364
36739,952
25766,947
36334,890
60474,513
39105,905
19416,313
21712,288
31891,756
39287,566
93588,681
232540,265
22209,751
170663,274
27515,1091
30757,587
30075,318
17880,757
53162,322
67633,333
26361,782
25342,811
31882,857
67757,569
39837,763
27090,773
69930,482
31891,756
192163,987
99640,997
43785,597
37107,549
9219,364
36739,952
24207,799
52352,276
77472,696
108767,232
27471,348
29448,979
36334,890
25984,709
26636,889
43785,597
120028,613
30652,865
124884,1128
71241,322
87832,431
27458,758
14905,578
28620,862
27515,1091
22721,649
42170,407
29615,851
13074,824
85245,311
115378,631
29897,567
32509,856
39184,843
96864,685
28840,610
124248,481
30458,713
212950,977
58796,559
36023,668
27680,783
46331,451
232540,265
136274,375
22813,1062
28763,1115
16908,709
23504,909
29448,979
104972,304
22750,418
404641,328
27090,773
27169,849
69074,616
26832,783
32768,765
165526,358
24418,692
32774,685
53333,392
40803,745
16743,857
160259,656
19404,919
28339,811
5111,525
129251,1040
29897,567
24183,839
27765,833
17056,655
28182,970
43454,435
136274,375
22209,751
21701,806
232540,265
37308,756
30529,767
36926,392
96864,685
124248,481
15220,806
37056,509
30282,455
30075,318
13078,805
82953,470
71933,857
84182,315
17963,273
37970,661
40970,791
103557,580
24723,782
40072,660
104756,278
31864,846
257785,237
85245,311
39931,727
168856,285
31736,714
67633,333
63083,632
27006,474
69074,616
25310,328
35514,738
28816,878
25231,849
25977,694
37756,717
18968,448
25766,947
26361,782
63957,794
92908,310
4608,472
14765,506
20590,910
65517,754
160259,656
19416,313
31864,846
20964,902
42633,646
27606,984
25342,811
28230,233
29718,750
27006,474
35821,926
150946,842
33493,904
20964,902
25984,709
27765,833
9219,364
28182,970
191688,708
27006,474
36262,784
17477,469
21161,475
32210,841
90503,231
27915,615
11642,349
53333,392
123056,286
35514,738
36023,668
228855,682
31864,846
60201,433
59529,274
67633,333
88039,559
29718,750
99791,254
61245,460
29922,756
32768,765
34178,1015
150946,842
37056,509
32723,729
27765,833
9219,364
30458,713
40072,660
33453,386
28389,835
34178,1015
31723,431
19063,816
39105,905
404641,328
46331,451
25977,694
97665,964
52352,276
168751,730
301578,999
29448,979
29661,953
67262,284
67262,284
30821,312
178493,243
39837,763
51937,830
6098,641
34521,604
51279,607
31891,756
82953,470
212950,977
33813,988
21250,540
71933,857
30492,731
21250,540
77472,696
33493,904
31864,846
72553,496
19404,919
260666,341
49511,362
99083,708
170663,274
19404,919
8403,991
204194,1030
56325,669
126565,947
130037,335
36023,668
6341,360
38482,718
32509,856
53963,826
31240,812
4608,472
69930,482
4853,348
31864,846
71443,499
37056,509
30638,984
37308,756
23723,940
30442,637
308550,492
6341,360
301578,999
84148,575
31891,756
74218,406
120028,613
71241,322
37107,549
37970,661
36926,392
38856,751
27071,730
120028,613
37308,756
23882,747
25286,522
220118,448
23206,488
49511,362
16991,723
26553,953
32698,474
27471,348
28389,835
13749,441
99791,254
6098,641
25286,522
31240,812
63957,794
27071,730
228855,682
39837,763
57041,263
71353,493
71353,493
84182,315
16396,719
138277,345
24868,634
32698,474
39105,905
260666,341
41580,236
85245,311
99083,708
25984,709
25984,709
25231,849
13749,441
33453,386
5111,525
4853,348
99083,708
4853,348
99640,997
24418,692
170663,274
24868,634
257785,237
195794,231
36023,668
23168,777
28816,878
71559,1051
29809,951
39287,566
71241,322
26397,526
25182,1148
27731,929
29922,756
30282,455
31385,1006
32241,787
28101,1013
24183,839
37430,773
28620,862
59529,274
29448,979
37056,509
71559,1051
32241,787
30757,587
35514,738
123474,734
29615,851
27606,984
191688,708
31882,857
25231,849
42662,815
34178,1015
27915,615
91251,328
31736,714
23168,777
38673,861
28840,610
33493,904
69340,830
23504,909
126565,947
31385,1006
56853,500
14905,578
29897,567
25412,908
27458,758
22750,418
40970,791
31623,805
25342,811
17880,757
27971,584
19416,313
124248,481
34587,333
30402,857
212950,977
76590,289
35514,738
10162,549
108397,561
10162,549
77056,274
170663,274
4516,475
23504,909
39067,543
23183,797
82953,470
61245,460
67633,333
125446,848
16807,259
45530,426
123056,286
4608,472
28101,1013
30458,713
40378,723
25697,686
25697,686
71933,857
228855,682
39044,707
97665,964
38673,861
28163,886
28182,970
32241,787
27169,849
33564,970
131116,300
192163,987
39931,727
30757,587
46331,451
24827,719
26908,729
14230,874
57549,493
113790,228
26832,783
123474,734
43454,435
25310,328
59529,274
28101,1013
39067,543
57549,493
30489,759
25776,661
20590,910
123474,734
65517,754
24827,719
44040,517
30402,857
57041,263
96864,685
77056,274
30604,965
71559,1051
29448,979
308550,492
28266,682
25412,908
29209,690
27169,849
40378,723
111753,831
69340,830
61245,460
204194,1030
23183,797
30821,312
16908,709
13749,441
27071,730
4516,475
111753,831
25310,328
30821,312
39184,843
11642,349
120028,613
128023,561
115378,631
26553,953
43454,435
13078,805
21802,1142
36739,952
71241,322
38856,751
99791,254
21250,540
42662,815
61245,460
28182,970
85245,311
37729,911
33564,970
61245,460
84182,315
36023,668
99083,708
4772,401
53963,826
89130,533
68039,258
88039,559
30489,759
31736,714
40970,791
84148,575
28408,878
129251,1040
23489,595
51937,830
35874,798
29922,756
71443,499
32509,856
4296,449
25310,328
66228,326
32241,787
121205,982
29209,690
123474,734
4274,505
14765,506
32749,487
196067,280
16807,259
57549,493
30652,865
61245,460
125446,848
20964,902
121205,982
30123,901
30844,734
25231,849
71353,493
126565,947
23504,909
101010,271
30458,713
23723,940
99640,997
87801,305
30442,637
101010,271
20590,910
103557,580
30529,767
125446,848
111753,831
34521,604
30844,734
232540,265
84148,575
21161,475
241947,600
162667,1114
84182,315
37107,549
17477,469
28266,682
37970,661
123056,286
126565,947
34521,604
23206,488
33852,819
31882,857
46942,443
42211,366
69074,616
27765,833
31385,1006
27006,474
28763,1115
35514,738
29701,730
103557,580
220118,448
241947,600
98200,852
44040,517
15220,806
14765,506
25766,947
257785,237
69074,616
91251,328
29897,567
25286,522
89130,533
31891,756
30757,587
178493,243
192163,987
58796,559
37430,773
27765,833
39931,727
108767,232
33813,988
129251,1040
195794,231
99032,542
17186,764
40568,866
13078,805
32509,856
63083,632
41580,236
40378,723
35821,926
34587,333
30821,312
29060,863
39539,766
99978,540
41580,236
11642,349
27603,771
25182,1148
23489,595
23489,595
18968,448
32509,856
4274,505
115378,631
39539,766
40072,660
21250,540
22721,649
42633,646
99083,708
39184,843
16396,719
29971,540
32774,685
21161,475
23504,909
130037,335
74218,406
53162,322
71353,493
51279,607
153275,353
93588,681
90503,231
32723,729
125446,848
67262,284
115378,631
46942,443
99640,997
26908,729
53162,322
204194,1030
69930,482
40803,745
120028,613
30402,857
40072,660
97665,964
32235,463
29922,756
37756,717
27680,783
30638,984
63957,794
124884,1128
30075,318
111753,831
8368,629
90503,231
31864,846
136274,375
26964,855
39837,763
150946,842
30282,455
49225,451
39105,905
150946,842
58796,559
69340,830
27006,474
6098,641
29971,540
30757,587
40072,660
20964,902
153275,353
9219,364
30282,455
17963,273
124884,1128
30075,318
37056,509
99032,542
16743,857
42633,646
37970,661
82119,358
90503,231
123056,286
39931,727
28389,835
57549,493
27765,833
37430,773
51937,830
196067,280
25231,849
63083,632
98200,852
51279,607
25267,704
17963,273
115378,631
28230,233
41580,236
32768,765
28389,835
27603,771
77859,353
52490,787
10162,549
108767,232
53963,826
33564,970
90503,231
27971,584
128023,561
33813,988
153275,353
24868,634
4772,401
80971,251
49225,451
28182,970
113790,228
25286,522
34521,604
8403,991
37107,549
30529,767
97665,964
168751,730
35514,738
16807,259
28408,878
39105,905
27603,771
32235,463
30458,713
63957,794
33453,386
80971,251
69760,792
301578,999
29718,750
129251,1040
44040,517
44040,517
29448,979
165526,358
26832,783
53963,826
36739,952
39931,727
8368,629
136274,375
36926,392
22932,1047
40197,737
160259,656
28266,682
29615,851
31240,812
120028,613
10162,549
28925,410
249213,314
4274,505
30757,587
14905,578
33813,988
26397,526
40197,737
25342,811
97665,964
32698,474
11642,349
123056,286
61245,460
28101,1013
16743,857
67633,333
60201,433
8368,629
30604,965
25182,1148
26832,783
13074,824
108397,561
46942,443
31736,714
17056,655
37056,509
31240,812
28486,417
27971,584
25286,522
31723,431
3661,301
21161,475
24207,799
18035,889
77859,353
30028,553
178493,243
39931,727
87832,431
80971,251
16743,857
30028,553
168856,285
14230,874
65517,754
31240,812
13749,441
21250,540
17477,469
32464,639
32509,856
37430,773
38703,939
123056,286
177527,290
170663,274
52352,276
8403,991
26832,783
28816,878
32301,838
37056,509
99640,997
16743,857
28266,682
29924,751
26438,846
43454,435
104756,278
29661,953
45530,426
8368,629
28230,233
20964,902
39067,543
136274,375
72553,496
104756,278
178493,243
123056,286
34178,1015
24418,692
44089,923
27971,584
39539,766
31368,933
30638,984
30075,318
32509,856
241947,600
29209,690
34587,333
58796,559
36860,841
24827,719
68052,335
17477,469
35821,926
27006,474
43785,597
24183,839
31891,756
66228,326
68039,258
25984,709
76813,823
5111,525
53333,392
120028,613
25984,709
29701,730
28925,410
4608,472
31882,857
6341,360
170663,274
29924,751
108397,561
90503,231
24827,719
71241,322
13074,824
19404,919
28763,1115
29897,567
98200,852
25766,947
27471,348
76813,823
124248,481
26397,526
39837,763
44040,517
33813,988
36739,952
99083,708
31576,789
30652,865
37729,911
92908,310
120028,613
96864,685
195794,231
4296,449
17880,757
191688,708
29701,730
196067,280
32509,856
40197,737
104756,278
76590,289
92908,310
27090,773
19063,816
74218,406
4772,401
14765,506
28408,878
10162,549
20964,902
28620,862
63083,632
37308,756
27731,929
77859,353
4772,401
24183,839
87801,305
25342,811
14765,506
30028,553
26832,783
29718,750
17477,469
31623,805
37729,911
21161,475
29922,756
31370,672
27169,849
26832,783
35874,798
28551,996
24868,634
104756,278
67262,284
66228,326
26397,526
30028,553
301578,999
3661,301
126565,947
28486,417
33813,988
32768,765
22750,418
25977,694
38673,861
37970,661
39067,543
71559,1051
257785,237
21701,806
195794,231
27606,984
42662,815
32464,639
14905,578
27471,348
25412,908
25267,704
80971,251
69930,482
23504,909
71353,493
21250,540
57041,263
36023,668
61245,460
11499,588
31864,846
37056,509
192163,987
60201,433
12847,434
23206,488
4296,449
36334,890
77056,274
71933,857
28389,835
40378,723
90503,231
249213,314
23206,488
308550,492
20096,998
168751,730
60201,433
37308,756
39287,566
160259,656
33697,647
4296,449
56806,456
25697,686
39539,766
30492,731
85245,311
20590,910
19416,313
32723,729
31723,431
42170,407
123056,286
17477,469
49511,362
51279,607
69930,482
25984,709
39044,707
21161,475
40803,745
63083,632
14765,506
29971,540
53333,392
108397,561
25267,704
77859,353
126565,947
40803,745
36860,841
58796,559
28163,886
191688,708
28620,862
20590,910
404641,328
32213,775
15220,806
87801,305
30638,984
44089,923
32698,474
37756,717
31370,672
53162,322
30652,865
26636,889
28230,233
104972,304
204194,1030
59529,274
108397,561
52490,787
77472,696
37729,911
72553,496
14765,506
26553,953
25342,811
96864,685
26397,526
92908,310
59529,274
33697,647
65517,754
84148,575
34587,333
29922,756
16743,857
39184,843
34521,604
31736,714
108767,232
28163,886
90503,231
33249,867
160259,656
60474,513
71241,322
28163,886
30652,865
29922,756
28163,886
23489,595
33697,647
31736,714
23183,797
39931,727
28925,410
33564,970
27458,758
13749,441
30604,965
101010,271
20096,998
71241,322
31891,756
23183,797
103557,580
29701,730
17880,757
28816,878
42170,407
162667,1114
60201,433
23206,488
38673,861
77056,274
74595,1039
38673,861
34178,1015
25286,522
32723,729
23504,909
204194,1030
38703,939
53333,392
32235,463
69930,482
16396,719
16908,709
23489,595
21701,806
26964,855
31385,1006
121205,982
71559,1051
29060,863
26964,855
28620,862
38856,751
6341,360
12847,434
51937,830
28163,886
33852,819
192163,987
39931,727
28816,878
257785,237
57549,493
46331,451
80971,251
67757,569
18968,448
32241,787
33852,819
18968,448
27606,984
27606,984
28551,996
88039,559
28763,1115
38856,751
34521,604
21712,288
30638,984
37107,549
36926,392
24827,719
36334,890
36926,392
99083,708
36334,890
33564,970
58796,559
15220,806
29718,750
36023,668
39067,543
28101,1013
22209,751
404641,328
71933,857
4274,505
71241,322
44089,923
25776,661
77056,274
37056,509
97665,964
17880,757
92908,310
30638,984
27731,929
29448,979
42170,407
25286,522
23723,940
25412,908
31576,789
68052,335
29615,851
26397,526
28964,690
404641,328
42211,366
26964,855
87832,431
29701,730
27006,474
4274,505
71933,857
195794,231
27765,833
3661,301
53963,826
9219,364
104756,278
32723,729
191688,708
76813,823
178493,243
16991,723
108767,232
25342,811
33813,988
16991,723
88039,559
71443,499
31370,672
32749,487
71933,857
34587,333
28925,410
84182,315
92908,310
40970,791
39105,905
21250,540
65517,754
40072,660
257785,237
39287,566
45530,426
35923,789
36262,784
34178,1015
71353,493
20590,910
5111,525
52352,276
308550,492
71443,499
29809,951
36926,392
101224,772
24418,692
196067,280
191688,708
85245,311
6341,360
257785,237
41580,236
26636,889
27765,833
16396,719
42633,646
37756,717
38856,751
42633,646
27471,348
69760,792
26438,846
35923,789
26361,782
29718,750
108397,561
97665,964
30123,901
31576,789
88039,559
101224,772
25231,849
29701,730
27765,833
220118,448
27606,984
29209,690
22209,751
30604,965
28551,996
29924,751
32509,856
131116,300
308550,492
30458,713
25984,709
82953,470
32301,838
31368,933
76813,823
39931,727
25984,709
38856,751
28163,886
39381,697
31864,846
36950,658
77472,696
91251,328
130037,335
27680,783
13074,824
71241,322
30757,587
51937,830
32723,729
67757,569
29897,567
37107,549
56853,500
77472,696
21802,1142
32768,765
14905,578
32301,838
87832,431
67757,569
35821,926
76590,289
32723,729
71443,499
6098,641
37107,549
27603,771
28101,1013
51937,830
30458,713
27515,1091
25984,709
36739,952
21161,475
99640,997
32210,841
16908,709
82953,470
15220,806
37430,773
30028,553
39105,905
28816,878
37056,509
63957,794
25412,908
71933,857
31864,846
28486,417
51937,830
30821,312
33493,904
14230,874
170663,274
19404,919
40803,745
113790,228
32723,729
93588,681
42211,366
139123,686
44089,923
14230,874
89130,533
28486,417
57041,263
25412,908
96864,685
36739,952
27971,584
37756,717
28620,862
23206,488
49225,451
126565,947
4853,348
28389,835
32301,838
32768,765
39184,843
35874,798
30652,865
129251,1040
34587,333
20590,910
84182,315
25977,694
36950,658
97665,964
301578,999
28551,996
99083,708
29718,750
52490,787
124884,1128
34178,1015
35514,738
11642,349
32213,775
87801,305
44089,923
17056,655
4274,505
58796,559
29718,750
192163,987
28964,690
8403,991
37970,661
36950,658
30458,713
16807,259
28486,417
31882,857
77859,353
138277,345
308550,492
104756,278
93588,681
25342,811
80971,251
17477,469
42662,815
31368,933
31576,789
39931,727
12847,434
96864,685
53963,826
260666,341
19404,919
13078,805
29924,751
99083,708
192163,987
31882,857
31368,933
31623,805
33852,819
27606,984
31368,933
21701,806
91251,328
29060,863
30492,731
31370,672
39931,727
26397,526
71241,322
18968,448
108767,232
33249,867
49225,451
101010,271
30529,767
57549,493
104756,278
15220,806
28925,410
35821,926
177527,290
16896,814
25231,849
404641,328
27731,929
28389,835
28266,682
113790,228
23723,940
249213,314
44040,517
23504,909
30492,731
46331,451
17880,757
108397,561
30075,318
30604,965
42633,646
33249,867
46942,443
89130,533
27915,615
77056,274
27090,773
25267,704
71443,499
25977,694
21161,475
5111,525
31736,714
42662,815
38856,751
99032,542
34178,1015
77859,353
13074,824
28339,811
69074,616
25310,328
41580,236
22236,651
139123,686
35821,926
38856,751
150946,842
9219,364
177527,290
228855,682
3661,301
26361,782
24183,839
257785,237
26397,526
60201,433
37756,717
32698,474
28486,417
4274,505
34178,1015
37729,911
165526,358
25342,811
27731,929
178493,243
21712,288
22236,651
6341,360
85245,311
5111,525
228855,682
68052,335
14765,506
28486,417
17186,764
40197,737
36023,668
98200,852
39184,843
35874,798
234484,855
91251,328
71353,493
32213,775
71559,1051
30489,759
29924,751
18968,448
30123,901
103557,580
29924,751
37107,549
30442,637
27006,474
22209,751
30529,767
24723,782
17056,655
34521,604
33453,386
124248,481
67633,333
31368,933
28389,835
25182,1148
16896,814
44040,517
25231,849
39105,905
16396,719
77472,696
33564,970
40760,762
26636,889
24827,719
12847,434
99978,540
27515,1091
30282,455
31864,846
42170,407
27090,773
35923,789
8403,991
33453,386
30757,587
31864,846
39931,727
260666,341
30652,865
32301,838
125446,848
26908,729
66228,326
33852,819
8403,991
20590,910
82119,358
17477,469
35874,798
77472,696
4274,505
27090,773
26832,783
85245,311
20096,998
36860,841
27090,773
130037,335
91124,388
30652,865
32235,463
31891,756
27915,615
90503,231
35874,798
28163,886
52352,276
33852,819
108767,232
18035,889
35923,789
16896,814
25231,849
100571,759
14230,874
91124,388
17963,273
52352,276
14765,506
24207,799
40072,660
14905,578
32768,765
12847,434
32210,841
40803,745
30604,965
67262,284
38266,876
404641,328
31623,805
69760,792
212950,977
39067,543
30282,455
90503,231
17963,273
56806,456
39837,763
38266,876
28101,1013
28925,410
40197,737
37308,756
35358,534
177527,290
19404,919
100754,268
101010,271
30458,713
123474,734
28101,1013
40197,737
27915,615
4772,401
46942,443
260666,341
37756,717
125446,848
97665,964
82119,358
170663,274
30492,731
33813,988
29060,863
100754,268
32241,787
28339,811
22813,1062
65517,754
25231,849
28620,862
31368,933
130037,335
100754,268
16743,857
39381,697
29718,750
99791,254
27055,968
32768,765
153275,353
101224,772
90503,231
19063,816
12847,434
21161,475
177527,290
29701,730
99791,254
32235,463
19416,313
13078,805
28763,1115
30821,312
25310,328
162667,1114
25984,709
28230,233
69340,830
113790,228
40378,723
308550,492
30282,455
96607,286
17880,757
30489,759
30821,312
40803,745
121205,982
53333,392
129251,1040
25412,908
82953,470
44040,517
36334,890
44040,517
31623,805
16807,259
10162,549
32768,765
4516,475
16743,857
108397,561
96864,685
46331,451
28551,996
60474,513
4772,401
33453,386
63957,794
36334,890
101224,772
99083,708
17186,764
14765,506
60474,513
32749,487
232540,265
4608,472
100571,759
31723,431
16991,723
27680,783
69760,792
4516,475
31385,1006
31723,431
74595,1039
59529,274
53963,826
37107,549
40568,866
16991,723
33564,970
195794,231
28182,970
36950,658
12847,434
23504,909
33564,970
44089,923
22209,751
126565,947
168856,285
90503,231
257785,237
82953,470
52490,787
27169,849
28408,878
21161,475
177527,290
69074,616
29897,567
31240,812
38482,718
80971,251
11499,588
39184,843
40803,745
74218,406
28620,862
69074,616
14230,874
123474,734
160259,656
204194,1030
195794,231
43785,597
38673,861
22236,651
91251,328
23168,777
28339,811
36860,841
67262,284
30638,984
57549,493
126565,947
27606,984
29209,690
37756,717
124248,481
404641,328
27915,615
27731,929
32698,474
11499,588
29701,730
22236,651
26361,782
29615,851
136274,375
51937,830
123056,286
30075,318
30652,865
30757,587
14230,874
28408,878
42662,815
13078,805
23206,488
27606,984
241947,600
33249,867
34587,333
26636,889
93588,681
25310,328
25231,849
212950,977
24418,692
40378,723
31736,714
17963,273
170663,274
30123,901
20590,910
26553,953
38266,876
44089,923
37970,661
27169,849
168856,285
32774,685
12847,434
26636,889
13749,441
22721,649
69340,830
32768,765
39044,707
44040,517
191688,708
4772,401
19063,816
31368,933
103557,580
40803,745
46942,443
195794,231
9219,364
28486,417
32768,765
99791,254
108397,561
168751,730
138277,345
71443,499
125446,848
27680,783
39381,697
160259,656
40803,745
29325,953
17963,273
34587,333
30028,553
25984,709
60201,433
31623,805
30442,637
30638,984
56325,669
14905,578
101010,271
28816,878
66228,326
71933,857
30442,637
39931,727
3661,301
32723,729
28763,1115
56325,669
24183,839
35358,534
234484,855
123474,734
28763,1115
24827,719
26553,953
22932,1047
29809,951
27471,348
31882,857
170663,274
21712,288
41580,236
29209,690
101010,271
25697,686
29897,567
57041,263
32723,729
99640,997
32213,775
220118,448
57041,263
39837,763
111753,831
17880,757
96607,286
22721,649
212950,977
191688,708
308550,492
27071,730
26636,889
178493,243
31891,756
17880,757
16807,259
212950,977
99032,542
26397,526
26636,889
60201,433
28408,878
32774,685
124248,481
24723,782
31623,805
27006,474
27090,773
128023,561
126565,947
301578,999
44040,517
99083,708
39184,843
25342,811
28620,862
19416,313
25977,694
30529,767
131116,300
58796,559
28486,417
30489,759
32301,838
32235,463
12847,434
11499,588
56853,500
29809,951
56806,456
28389,835
28925,410
40970,791
30638,984
28408,878
23489,595
90503,231
27169,849
27006,474
99083,708
38703,939
29924,751
52490,787
99083,708
16396,719
32210,841
17056,655
16908,709
40803,745
42170,407
66228,326
49511,362
32235,463
241947,600
67262,284
84148,575
42633,646
29922,756
63083,632
87801,305
37308,756
9219,364
60201,433
150946,842
19416,313
42633,646
35358,534
15220,806
33697,647
26553,953
170663,274
28408,878
56806,456
22932,1047
38703,939
249213,314
232540,265
32241,787
11499,588
31240,812
20964,902
24723,782
30489,759
52490,787
39044,707
25412,908
69930,482
99640,997
5111,525
39184,843
39044,707
14905,578
31370,672
56325,669
204194,1030
124248,481
100571,759
129251,1040
57041,263
30075,318
21701,806
4296,449
10162,549
14230,874
39539,766
34178,1015
234484,855
30604,965
44040,517
99032,542
51937,830
25977,694
21161,475
80971,251
30028,553
34587,333
301578,999
18035,889
4772,401
26908,729
91124,388
28486,417
19063,816
27765,833
59529,274
22932,1047
32509,856
29897,567
96607,286
88039,559
21701,806
260666,341
39539,766
121205,982
260666,341
87801,305
25182,1148
82119,358
30529,767
4296,449
40803,745
24868,634
40197,737
29971,540
87832,431
44040,517
124884,1128
6098,641
27471,348
32698,474
88039,559
150946,842
36262,784
40760,762
138277,345
6341,360
69760,792
35821,926
28163,886
37056,509
23206,488
34587,333
52352,276
168856,285
33852,819
20590,910
53963,826
129251,1040
99083,708
22721,649
27055,968
26397,526
49225,451
42170,407
77472,696
27006,474
41580,236
31864,846
11642,349
69340,830
27765,833
29661,953
30123,901
39184,843
27765,833
28925,410
29060,863
31882,857
28551,996
74595,1039
98200,852
28763,1115
87801,305
31723,431
128023,561
38482,718
16991,723
4608,472
99978,540
36950,658
91124,388
28816,878
195794,231
30529,767
25286,522
11499,588
89130,533
37308,756
38673,861
34587,333
136274,375
32723,729
37970,661
49225,451
120028,613
40803,745
136274,375
128023,561
19416,313
26361,782
25776,661
76590,289
101010,271
69930,482
22721,649
99978,540
26438,846
30757,587
84182,315
36262,784
21250,540
308550,492
32723,729
24418,692
37107,549
36926,392
30529,767
19404,919
67757,569
27471,348
17056,655
39539,766
67757,569
41580,236
77056,274
32698,474
191688,708
32210,841
34521,604
31864,846
74218,406
204194,1030
26397,526
103557,580
30821,312
24827,719
20964,902
82119,358
16896,814
39381,697
74218,406
36023,668
91124,388
27515,1091
32241,787
26908,729
99640,997
16896,814
24723,782
90503,231
71443,499
32768,765
17186,764
8403,991
31736,714
4296,449
8368,629
29209,690
17477,469
32235,463
28266,682
31623,805
168856,285
138277,345
100571,759
74595,1039
9219,364
13078,805
24868,634
191688,708
257785,237
37308,756
98200,852
25286,522
46942,443
13749,441
26908,729
4772,401
71443,499
29701,730
25697,686
30489,759
84148,575
28163,886
23882,747
25977,694
25776,661
36739,952
14230,874
30757,587
21701,806
67757,569
68039,258
67757,569
35874,798
40760,762
36739,952
39184,843
59529,274
32723,729
124248,481
29325,953
26553,953
27055,968
28266,682
192163,987
30757,587
56853,500
67633,333
113790,228
101224,772
33852,819
35821,926
97665,964
16908,709
31576,789
43454,435
60474,513
33493,904
30844,734
16396,719
33813,988
30821,312
30821,312
16908,709
82953,470
32698,474
26438,846
30402,857
160259,656
31240,812
4608,472
40568,866
76590,289
37430,773
24723,782
71443,499
27515,1091
13078,805
34587,333
38482,718
40072,660
27458,758
28389,835
33813,988
28389,835
33493,904
28182,970
29897,567
220118,448
123056,286
66228,326
33453,386
4296,449
100754,268
40760,762
60474,513
26438,846
212950,977
27471,348
22750,418
28230,233
60474,513
35923,789
170663,274
20964,902
17963,273
38703,939
21250,540
74218,406
40970,791
17056,655
138277,345
21712,288
21712,288
28763,1115
20590,910
51279,607
101224,772
29615,851
37970,661
40568,866
177527,290
33564,970
168751,730
31368,933
77859,353
32464,639
28339,811
30652,865
30442,637
71443,499
92908,310
93588,681
28389,835
124884,1128
126565,947
29701,730
57549,493
39184,843
53162,322
38856,751
71559,1051
77472,696
24207,799
6098,641
17056,655
36926,392
68039,258
178493,243
31864,846
27680,783
124248,481
4516,475
33493,904
26636,889
30757,587
101224,772
28266,682
53333,392
32464,639
71353,493
32464,639
13074,824
241947,600
28408,878
25182,1148
52352,276
57041,263
69760,792
32241,787
234484,855
31370,672
17186,764
29661,953
19404,919
43454,435
31576,789
37308,756
53333,392
26361,782
196067,280
23882,747
232540,265
28266,682
178493,243
24418,692
150946,842
53963,826
14230,874
28389,835
241947,600
42211,366
25231,849
301578,999
35923,789
153275,353
76813,823
84182,315
4853,348
26964,855
28163,886
168751,730
232540,265
82119,358
77056,274
29325,953
28925,410
22236,651
28816,878
32749,487
36860,841
96864,685
37308,756
25776,661
14230,874
15220,806
162667,1114
33453,386
5111,525
53333,392
24207,799
104972,304
108397,561
5111,525
4608,472
42662,815
16908,709
204194,1030
57041,263
36860,841
40568,866
29922,756
36926,392
4296,449
53162,322
153275,353
123056,286
123474,734
98200,852
38703,939
27006,474
96864,685
71241,322
35358,534
72553,496
17880,757
20964,902
38856,751
160259,656
99032,542
22813,1062
26438,846
20096,998
4516,475
30652,865
29060,863
71933,857
101224,772
69074,616
69074,616
37056,509
31623,805
31385,1006
8368,629
28840,610
33697,647
46942,443
13074,824
99032,542
68052,335
234484,855
17186,764
28964,690
4608,472
16991,723
20964,902
67757,569
31736,714
32241,787
30604,965
71443,499
68052,335
29922,756
33453,386
168856,285
56806,456
28101,1013
56806,456
43454,435
4274,505
23723,940
23723,940
91251,328
71353,493
21250,540
18035,889
23206,488
204194,1030
21161,475
32213,775
28408,878
160259,656
111753,831
31240,812
168751,730
46331,451
228855,682
126565,947
25182,1148
103557,580
128023,561
165526,358
69074,616
33813,988
124884,1128
56806,456
74595,1039
129251,1040
33697,647
131116,300
69074,616
27471,348
30123,901
14765,506
39931,727
39044,707
63957,794
74595,1039
125446,848
39044,707
72553,496
168751,730
22209,751
31882,857
32509,856
6341,360
308550,492
22932,1047
21161,475
10162,549
27765,833
29971,540
20096,998
46331,451
29701,730
29661,953
26908,729
34521,604
27765,833
26361,782
162667,1114
22750,418
128023,561
82953,470
22236,651
22813,1062
30458,713
28551,996
37729,911
241947,600
13078,805
9219,364
39539,766
60201,433
20964,902
136274,375
30604,965
31385,1006
22813,1062
101224,772
25342,811
23168,777
29325,953
123474,734
24827,719
40197,737
168751,730
24868,634
24418,692
29701,730
21712,288
76590,289
99978,540
404641,328
111753,831
33697,647
32235,463
196067,280
38673,861
32213,775
32464,639
71933,857
59529,274
8368,629
34521,604
29615,851
4608,472
69930,482
67633,333
74218,406
98200,852
4296,449
124248,481
85245,311
93588,681
26636,889
31864,846
39539,766
192163,987
20590,910
28925,410
63083,632
39184,843
39287,566
103557,580
18035,889
37756,717
28816,878
25977,694
31736,714
11642,349
29922,756
39044,707
27915,615
91251,328
32768,765
27090,773
93588,681
20590,910
40803,745
29701,730
32210,841
69930,482
25412,908
162667,1114
212950,977
120028,613
25977,694
30402,857
404641,328
25286,522
36023,668
21701,806
6098,641
30282,455
108397,561
23723,940
195794,231
24827,719
32749,487
178493,243
58796,559
241947,600
87832,431
162667,1114
104756,278
38266,876
16991,723
30442,637
28925,410
41580,236
3661,301
30529,767
308550,492
77056,274
32768,765
12847,434
29809,951
69930,482
67262,284
29809,951
30844,734
260666,341
57549,493
